단지_일련번호,임대주택유형,공급기관명,주택명,주택유형,도로명주소,총세대수,10대미만(여자),10대미만(남자),10대(여자),10대(남자),20대(여자),20대(남자),30대(여자),30대(남자),40대(여자),40대(남자),50대(여자),50대(남자),60대(여자),60대(남자),70대(여자),70대(남자),80대(여자),80대(남자),90대(여자),90대(남자),100대(여자),100대(남자)
30700797,매입임대(단지유형),LH대구경북,아름들이,다가구주택,경상북도 경산시 경산로 153,136,4,0,1,3,2,2,2,1,0,2,4,1,2,1,0,1,0,0,0,0,0,0
30700798,매입임대(단지유형),LH대구경북,아름들이,다가구주택,경상북도 경산시 경산로 153-1,136,1,2,1,1,3,3,0,1,4,1,3,1,0,0,0,0,0,0,0,0,0,0
30700641,매입임대,LH대구경북,매입다가구(경북경산시),다가구주택,경상북도 경산시 경산로13길 17-6,0,0,0,2,2,0,1,0,0,1,3,1,0,1,1,0,1,1,0,0,0,0,0
30700643,매입임대,LH대구경북,매입다가구(경북경산시),다가구주택,경상북도 경산시 경안로27길 7,0,1,0,2,3,2,4,0,2,4,0,2,1,1,1,1,2,1,1,0,0,0,0
30700642,매입임대,LH대구경북,매입다가구(경북경산시),다가구주택,경상북도 경산시 경안로27길 7-1,0,0,0,1,4,3,3,0,0,4,2,2,0,1,1,2,0,1,1,0,0,0,0
30700644,매입임대,LH대구경북,매입다가구(경북경산시),다가구주택,경상북도 경산시 경안로33길 36-2,0,0,0,0,0,1,0,0,0,1,1,0,2,1,2,1,0,2,0,0,0,0,0
30966449,매입임대,LH대구경북,매입다가구(경북경산시),다가구주택,경상북도 경산시 경안로36길 3,0,0,0,0,0,1,1,1,2,1,1,2,1,0,5,2,1,3,0,0,0,0,0
30700645,매입임대,LH대구경북,매입다가구(경북경산시),다가구주택,경상북도 경산시 경안로67길 2-5,0,0,1,0,0,1,1,2,0,0,1,3,0,0,1,1,1,0,1,0,0,0,0
30700646,매입임대,LH대구경북,매입다가구(경북경산시),다가구주택,경상북도 경산시 경청로217길 11-5,0,0,0,0,1,1,2,0,1,0,0,2,1,0,1,1,2,0,0,0,0,0,0
30700647,매입임대,LH대구경북,매입다가구(경북경산시),다가구주택,경상북도 경산시 경청로217길 11-9,0,0,3,1,3,0,1,1,0,2,0,1,2,1,1,1,0,0,0,0,0,0,0
31249151,매입임대,LH대구경북,매입다가구(경북경산시),아파트,경상북도 경산시 경청로222길 34,0,0,0,0,0,0,0,1,0,1,0,0,1,0,0,0,0,0,0,0,0,0,0
31249489,매입임대,LH대구경북,매입다가구(경북경산시),아파트,경상북도 경산시 경청로222길 34,0,0,0,0,0,0,0,1,0,0,2,3,1,0,0,0,0,0,0,0,0,0,0
31250248,매입임대,LH대구경북,매입다가구(경북경산시),아파트,경상북도 경산시 경청로222길 34,0,0,0,0,0,2,1,2,4,1,4,0,0,0,0,0,0,0,0,0,0,0,0
31251573,매입임대,LH대구경북,매입다가구(경북경산시),아파트,경상북도 경산시 경청로222길 34,0,2,0,0,0,1,0,0,2,1,1,0,0,0,0,0,0,0,0,0,0,0,0
30700198,건설임대,LH대구경북,경산백천주공,아파트,경상북도 경산시 경청로222길 7,627,8,9,24,21,66,87,39,44,61,49,91,96,130,101,95,36,91,21,17,1,0,0
30700799,매입임대(단지유형),LH대구경북,아름들이,다가구주택,경상북도 경산시 계양로 50,136,3,3,3,0,0,1,6,2,1,2,2,1,2,0,0,0,0,0,0,0,0,0
30700800,매입임대(단지유형),LH대구경북,아름들이,다가구주택,경상북도 경산시 계양로 50,136,2,1,4,4,2,1,2,2,4,3,1,0,1,0,1,1,0,0,0,0,0,0
31200703,매입임대,LH대구경북,매입다가구(경북경산시),다가구주택,경상북도 경산시 계양로16길 45,0,0,2,0,0,0,0,1,1,1,1,0,1,0,0,0,0,0,0,0,0,0,0
31200685,매입임대,LH대구경북,매입다가구(경북경산시),다가구주택,경상북도 경산시 계양로16길 47,0,0,0,0,0,0,0,2,0,0,0,1,1,0,0,0,0,0,0,0,0,0,0
31200707,매입임대,LH대구경북,매입다가구(경북경산시),다가구주택,경상북도 경산시 계양로16길 49,0,0,0,0,0,0,0,2,3,0,0,0,0,1,0,0,0,0,0,0,0,0,0
30700801,매입임대(단지유형),LH대구경북,아름들이,다가구주택,경상북도 경산시 계양로16길 69,136,1,2,1,0,2,0,2,2,1,2,1,1,1,1,2,2,0,0,0,0,0,0
31274919,매입임대,LH대구경북,매입다가구(경북경산시),다가구주택,경상북도 경산시 계양로16길 78,0,0,0,0,0,1,0,0,0,0,0,0,0,0,0,0,0,0,0,0,0,0,0
31273194,매입임대,LH대구경북,매입다가구(경북경산시),다가구주택,경상북도 경산시 계양로16길 78-1,0,0,0,0,0,0,0,1,2,0,0,0,0,0,0,0,0,0,0,0,0,0,0
31041051,매입임대,LH대구경북,매입다가구(경북경산시),다가구주택,경상북도 경산시 계양로16길 81,0,1,0,2,5,3,2,0,0,2,3,3,4,1,3,1,0,0,0,1,0,0,0
31200708,매입임대,LH대구경북,매입다가구(경북경산시),다가구주택,경상북도 경산시 계양로16길 87,0,1,0,0,0,1,2,2,5,0,0,1,3,4,1,0,0,0,0,0,0,0,0
31200706,매입임대,LH대구경북,매입다가구(경북경산시),다가구주택,경상북도 경산시 계양로8길 41,0,0,1,0,2,1,0,2,3,2,1,0,1,1,1,0,0,0,0,0,0,0,0
31041052,매입임대,LH대구경북,매입다가구(경북경산시),다가구주택,경상북도 경산시 계양로8길 70,0,1,1,1,1,0,3,0,1,3,1,2,3,3,1,1,0,0,0,0,0,0,0
31041048,매입임대,LH대구경북,매입다가구(경북경산시),다가구주택,경상북도 경산시 계양로8길 72,0,0,0,2,1,0,0,1,1,5,3,0,1,2,2,0,0,1,0,0,0,0,0
30700649,매입임대,LH대구경북,매입다가구(경북경산시),다가구주택,경상북도 경산시 궁당로9길 8-6,0,0,0,0,0,0,1,0,2,0,2,0,1,0,1,2,1,0,1,0,0,0,0
30699545,건설임대,LH대구경북,경산상방,아파트,경상북도 경산시 남매로6길 7,528,34,42,87,104,106,108,61,69,129,107,127,80,133,93,76,57,36,22,8,2,0,0
31251606,매입임대,LH대구경북,매입다가구(경북경산시),아파트,경상북도 경산시 대평길 8,0,0,0,0,0,0,0,1,0,0,0,0,0,0,0,0,0,0,0,0,0,0,0
30700650,매입임대,LH대구경북,매입다가구(경북경산시),다가구주택,경상북도 경산시 대평길1길 11,0,0,0,0,0,0,3,0,1,1,1,1,0,3,2,0,0,0,0,0,0,0,0
30700651,매입임대,LH대구경북,매입다가구(경북경산시),다가구주택,경상북도 경산시 둥지로10길 28,0,0,1,0,0,1,0,1,2,0,0,1,0,0,2,0,1,0,0,0,0,0,0
30700652,매입임대,LH대구경북,매입다가구(경북경산시),다가구주택,경상북도 경산시 둥지로21길 18-9,0,0,0,0,0,0,0,0,0,0,2,1,1,1,2,1,1,1,0,0,0,0,0
30700653,매입임대,LH대구경북,매입다가구(경북경산시),다가구주택,경상북도 경산시 백양로35길 2-13,0,0,2,1,3,2,1,1,0,1,3,1,4,1,1,2,2,1,1,0,0,0,0
30699712,건설임대,LH대구경북,경산사동 휴먼시아 1단지,아파트,경상북도 경산시 백자로10길 57,896,120,111,163,186,139,132,168,126,239,179,184,130,173,107,105,67,54,27,11,2,1,0
31194116,매입임대,LH대구경북,매입다가구(경북경산시),다가구주택,경상북도 경산시 선비길2길 42,0,0,0,0,4,0,1,0,0,3,2,3,1,2,1,0,2,0,0,0,0,0,0
30700802,매입임대(단지유형),LH대구경북,아름들이,다가구주택,경상북도 경산시 성암로3길 18,136,4,1,1,1,1,1,0,1,2,2,3,1,1,0,1,0,0,0,0,0,0,0
30700803,매입임대(단지유형),LH대구경북,아름들이,다가구주택,경상북도 경산시 성암로3길 20,136,2,2,2,6,2,3,1,0,5,3,2,3,0,0,1,0,0,1,0,0,0,0
30700804,매입임대(단지유형),LH대구경북,아름들이,다가구주택,경상북도 경산시 성암로3길 22,136,1,2,2,4,0,3,2,1,5,2,0,3,0,0,1,0,0,1,0,0,0,0
30700805,매입임대(단지유형),LH대구경북,아름들이,다가구주택,경상북도 경산시 성암로5길 21-1,136,0,2,2,1,0,0,1,1,4,3,2,2,2,2,0,1,1,0,0,0,0,0
30700806,매입임대(단지유형),LH대구경북,아름들이,다가구주택,경상북도 경산시 성암로5길 21-1,136,2,1,3,6,0,1,0,0,5,5,1,0,0,0,0,0,1,0,0,0,0,0
30700807,매입임대(단지유형),LH대구경북,아름들이,다가구주택,경상북도 경산시 성암로5길 21-1,136,2,2,1,3,1,0,3,1,3,4,1,0,3,1,1,0,0,0,0,0,0,0
30699669,건설임대,LH대구경북,경산사동 휴먼시아 2단지,아파트,경상북도 경산시 솔숲길 100,521,69,58,77,79,53,78,93,72,126,96,122,95,89,76,54,31,33,18,6,2,0,0
31223567,매입임대,LH대구경북,청년신혼부부매입임대(경북경산시),아파트,경상북도 경산시 압량면 김유신로 11,35,0,0,0,0,0,0,1,0,0,0,0,0,0,0,0,0,0,0,0,0,0,0
31214839,매입임대,LH대구경북,청년신혼부부매입임대(경북경산시),아파트,경상북도 경산시 압량면 압독2로 45,35,0,0,0,0,0,0,0,0,1,1,0,0,0,0,0,0,0,0,0,0,0,0
31214840,매입임대,LH대구경북,청년신혼부부매입임대(경북경산시),아파트,경상북도 경산시 압량면 압독2로 45,35,0,0,0,0,0,0,1,2,1,0,0,0,0,0,0,0,0,0,0,0,0,0
31215028,매입임대,LH대구경북,청년신혼부부매입임대(경북경산시),아파트,경상북도 경산시 압량면 압독2로 45,35,0,0,0,0,1,0,1,1,0,0,0,1,0,0,0,0,0,0,0,0,0,0
31223582,매입임대,LH대구경북,청년신혼부부매입임대(경북경산시),아파트,경상북도 경산시 압량면 압독2로 45,35,0,0,0,0,0,0,1,0,0,0,1,0,0,1,0,0,0,0,0,0,0,0
31223566,매입임대,LH대구경북,청년신혼부부매입임대(경북경산시),아파트,경상북도 경산시 압량면 압독2로 59,35,0,0,0,0,0,0,1,1,0,0,0,0,0,0,0,0,0,0,0,0,0,0
31214929,매입임대,LH대구경북,청년신혼부부매입임대(경북경산시),아파트,경상북도 경산시 압량면 압독로 38-10,35,0,1,0,0,0,0,1,1,0,0,0,0,0,0,0,0,0,0,0,0,0,0
31215389,매입임대,LH대구경북,청년신혼부부매입임대(경북경산시),아파트,경상북도 경산시 압량면 압독로 38-10,35,1,1,0,0,0,0,1,2,1,0,0,0,0,0,0,0,0,0,0,0,0,0
31223573,매입임대,LH대구경북,청년신혼부부매입임대(경북경산시),아파트,경상북도 경산시 압량면 압독로 38-10,35,0,0,0,0,1,0,1,2,0,0,0,0,0,0,0,0,0,0,0,0,0,0
31223576,매입임대,LH대구경북,청년신혼부부매입임대(경북경산시),아파트,경상북도 경산시 압량면 압독로 38-10,35,0,0,0,0,1,0,1,1,0,1,0,0,0,0,0,0,0,0,0,0,0,0
31223583,매입임대,LH대구경북,청년신혼부부매입임대(경북경산시),아파트,경상북도 경산시 압량면 압독로 38-10,35,0,0,0,0,0,0,0,1,0,0,0,0,0,0,0,0,0,0,0,0,0,0
31250236,매입임대,LH대구경북,매입다가구(경북경산시),아파트,경상북도 경산시 압량읍 김유신로 11,0,0,0,0,0,0,0,0,2,0,0,0,0,0,0,0,0,0,0,0,0,0,0
31251586,매입임대,LH대구경북,매입다가구(경북경산시),아파트,경상북도 경산시 압량읍 김유신로 11,0,2,0,0,0,0,0,2,1,0,1,1,0,0,0,0,0,0,0,0,0,0,0
31214841,매입임대,LH대구경북,청년신혼부부매입임대(경북경산시),아파트,경상북도 경산시 압량읍 김유신로 11,35,0,1,0,0,1,1,2,2,0,0,0,0,0,0,0,0,0,0,0,0,0,0
31249198,매입임대,LH대구경북,매입다가구(경북경산시),아파트,경상북도 경산시 압량읍 압독2로 45,0,0,0,0,0,0,0,0,0,1,0,0,0,0,0,0,0,0,0,0,0,0,0
31250254,매입임대,LH대구경북,매입다가구(경북경산시),아파트,경상북도 경산시 압량읍 압독2로 45,0,2,0,0,0,0,0,2,0,1,2,0,0,0,0,0,0,0,0,0,0,0,0
31251587,매입임대,LH대구경북,매입다가구(경북경산시),아파트,경상북도 경산시 압량읍 압독2로 45,0,0,0,0,0,0,0,1,1,0,1,0,0,0,0,0,0,0,0,0,0,0,0
31215388,매입임대,LH대구경북,청년신혼부부매입임대(경북경산시),아파트,경상북도 경산시 압량읍 압독2로 45,35,0,0,0,0,0,0,0,1,0,0,0,0,0,0,0,0,0,0,0,0,0,0
31249191,매입임대,LH대구경북,매입다가구(경북경산시),아파트,경상북도 경산시 압량읍 압독2로 59,0,0,0,0,0,1,0,1,0,0,0,0,0,0,0,0,0,0,0,0,0,0,0
31249466,매입임대,LH대구경북,매입다가구(경북경산시),아파트,경상북도 경산시 압량읍 압독2로 59,0,0,0,0,0,0,0,0,1,0,0,0,0,0,0,0,0,0,0,0,0,0,0
31250275,매입임대,LH대구경북,매입다가구(경북경산시),아파트,경상북도 경산시 압량읍 압독2로 59,0,0,1,0,0,0,1,3,4,0,0,1,0,0,0,0,0,0,0,0,0,0,0
31251617,매입임대,LH대구경북,매입다가구(경북경산시),아파트,경상북도 경산시 압량읍 압독2로 59,0,2,2,0,0,2,0,1,1,0,1,1,0,1,0,1,0,0,0,0,0,0,0
31190048,매입임대,LH대구경북,매입다가구(경북경산시),다가구주택,경상북도 경산시 압량읍 압독3로2길 7-10,0,0,0,0,0,2,4,1,1,0,1,2,2,2,2,0,0,0,0,1,0,0,0
31249158,매입임대,LH대구경북,매입다가구(경북경산시),아파트,경상북도 경산시 압량읍 압독4로 12,0,0,4,0,0,0,0,2,2,0,0,0,0,0,0,0,0,0,0,0,0,0,0
31249480,매입임대,LH대구경북,매입다가구(경북경산시),아파트,경상북도 경산시 압량읍 압독4로 12,0,0,0,0,0,0,0,0,0,0,0,0,1,0,0,0,0,0,0,0,0,0,0
31250270,매입임대,LH대구경북,매입다가구(경북경산시),아파트,경상북도 경산시 압량읍 압독4로 12,0,0,0,0,0,0,0,4,5,0,0,0,0,0,0,0,0,0,0,0,0,0,0
31251658,매입임대,LH대구경북,매입다가구(경북경산시),아파트,경상북도 경산시 압량읍 압독4로 12,0,1,0,0,0,0,0,1,2,0,0,0,0,0,0,0,0,0,0,0,0,0,0
31249477,매입임대,LH대구경북,매입다가구(경북경산시),아파트,경상북도 경산시 압량읍 압독로 38-10,0,4,2,0,0,0,0,0,0,3,3,0,0,0,0,0,0,0,0,0,0,0,0
31250263,매입임대,LH대구경북,매입다가구(경북경산시),아파트,경상북도 경산시 압량읍 압독로 38-10,0,0,0,0,0,1,0,1,1,0,1,1,0,0,0,0,0,0,0,0,0,0,0
31251644,매입임대,LH대구경북,매입다가구(경북경산시),아파트,경상북도 경산시 압량읍 압독로 38-10,0,0,0,0,0,0,0,0,1,0,0,0,0,0,0,0,0,0,0,0,0,0,0
30700808,매입임대(단지유형),LH대구경북,아름들이,다가구주택,경상북도 경산시 원효로26길 26-3,136,0,1,0,0,1,1,0,3,2,2,0,2,1,0,1,0,1,0,0,0,0,0
30700654,매입임대,LH대구경북,매입다가구(경북경산시),다가구주택,경상북도 경산시 원효로26길 33,0,0,0,1,2,0,5,1,0,1,1,5,2,1,0,1,0,1,1,0,0,0,0
30700809,매입임대(단지유형),LH대구경북,아름들이,다가구주택,경상북도 경산시 원효로26길 7-2,136,1,4,4,0,2,0,3,3,3,0,2,2,0,1,0,0,1,0,0,0,0,0
30830942,매입임대,LH대구경북,매입다가구(경북경산시),다가구주택,경상북도 경산시 원효로40길 24-4,0,0,0,2,2,2,4,0,3,3,1,2,0,1,3,0,0,0,0,0,0,0,0
31200709,매입임대,LH대구경북,매입다가구(경북경산시),다가구주택,경상북도 경산시 원효로40길 30-1,0,0,0,0,0,1,2,3,3,0,1,3,0,0,1,0,0,0,0,0,0,0,0
30830937,매입임대,LH대구경북,매입다가구(경북경산시),다가구주택,경상북도 경산시 원효로40길 30-6,0,0,1,6,3,5,1,1,1,3,2,1,3,0,0,0,1,0,0,0,0,0,0
31041049,매입임대,LH대구경북,매입다가구(경북경산시),다가구주택,경상북도 경산시 원효로40길 30-7,0,0,0,1,2,0,2,1,0,3,1,4,3,2,3,0,1,0,0,0,0,0,0
30700810,매입임대(단지유형),LH대구경북,아름들이,다가구주택,경상북도 경산시 원효로40길 64-10,136,1,3,1,0,0,2,2,1,4,2,3,0,0,2,0,0,0,0,0,0,1,0
30700655,매입임대,LH대구경북,매입다가구(경북경산시),다가구주택,경상북도 경산시 원효로4길 5-2,0,0,0,0,0,3,2,1,0,0,1,2,2,1,1,2,1,2,2,0,0,0,0
30700656,매입임대,LH대구경북,매입다가구(경북경산시),다가구주택,경상북도 경산시 원효로7길 35-2,0,0,0,0,0,1,0,0,0,1,0,2,2,1,2,3,2,0,1,0,0,0,0
31041044,매입임대,LH대구경북,매입다가구(경북경산시),다가구주택,경상북도 경산시 장산로 240,0,2,2,2,2,1,2,2,3,2,1,1,0,1,2,0,1,1,1,0,0,0,0
30997619,매입임대,LH대구경북,매입다가구(경북경산시),다가구주택,경상북도 경산시 장산로 240-1,0,2,0,1,0,1,2,0,2,1,0,2,0,3,4,0,1,0,0,0,0,0,0
30997622,매입임대,LH대구경북,매입다가구(경북경산시),다가구주택,경상북도 경산시 장산로 242,0,0,0,0,1,2,4,1,2,1,1,1,1,4,2,1,0,0,0,0,0,0,0
30700657,매입임대,LH대구경북,매입다가구(경북경산시),다가구주택,경상북도 경산시 중앙로14길 8-13,0,0,0,1,0,3,4,0,0,1,0,0,3,2,3,1,1,3,0,0,0,0,0
30700811,매입임대(단지유형),LH대구경북,아름들이,다가구주택,경상북도 경산시 중앙초등길 74,136,1,4,4,1,1,2,2,0,3,2,3,2,0,0,0,1,0,0,0,0,0,0
30700812,매입임대(단지유형),LH대구경북,아름들이,다가구주택,경상북도 경산시 중앙초등길 74-1,136,1,2,0,1,1,4,1,0,1,3,3,2,1,1,1,1,1,1,0,0,0,0
30700648,매입임대,LH대구경북,매입다가구(경북경산시),다가구주택,경상북도 경산시 진량읍 공단1로1길 82-6,0,1,0,0,0,1,2,3,3,0,1,3,4,2,3,0,1,1,0,0,0,0,0
30699629,건설임대,LH대구경북,경산진량휴먼시아,아파트,경상북도 경산시 진량읍 금호강변로 830-3,458,13,31,65,68,94,71,50,50,107,73,122,86,100,71,49,36,24,16,2,5,0,0
30699379,매입임대(단지유형),LH대구경북,경산삼주봉황1차,아파트,경상북도 경산시 진량읍 봉황길 31,0,0,1,3,4,11,4,1,3,8,3,6,8,2,6,4,3,5,0,2,0,0,0
30699800,매입임대(단지유형),LH대구경북,경산삼주봉황2차,아파트,경상북도 경산시 진량읍 봉황길 36,4,0,0,1,3,3,0,0,0,3,2,1,1,0,0,0,0,0,0,0,0,0,0
30705746,매입임대(단지유형),LH대구경북,경산진량우림필유,아파트,경상북도 경산시 진량읍 봉황길 53,63,1,1,4,2,0,1,0,0,3,2,2,1,0,0,0,1,0,0,0,0,0,0
30705747,매입임대(단지유형),LH대구경북,경산진량우림필유,아파트,경상북도 경산시 진량읍 봉황길 53,63,1,2,14,5,0,7,0,3,11,8,3,1,3,3,0,1,1,0,0,0,0,0
30705748,매입임대(단지유형),LH대구경북,경산진량우림필유,아파트,경상북도 경산시 진량읍 봉황길 53,63,1,0,2,7,0,2,0,1,6,2,0,1,1,1,0,0,1,0,0,0,0,0
30705749,매입임대(단지유형),LH대구경북,경산진량우림필유,아파트,경상북도 경산시 진량읍 봉황길 53,63,1,0,1,2,0,0,0,0,2,0,1,1,0,0,0,0,0,0,0,0,0,0
30705750,매입임대(단지유형),LH대구경북,경산진량우림필유,아파트,경상북도 경산시 진량읍 봉황길 53,63,2,1,4,9,3,1,3,1,6,5,2,5,1,1,2,2,0,1,0,0,0,0
31249476,매입임대,LH대구경북,매입다가구(경북경산시),아파트,경상북도 경산시 진량읍 일연로 747,0,0,0,0,0,0,0,0,0,0,1,0,0,0,0,0,0,0,0,0,0,0,0
30699657,매입임대(단지유형),LH대구경북,경산초원장미타운아파트,아파트,경상북도 경산시 진량읍 초원길 53-6,3,0,0,1,2,0,1,0,0,2,2,0,0,0,0,1,1,0,0,0,0,0,0
30700640,매입임대,LH대구경북,매입다가구(경북경산시),다가구주택,경상북도 경산시 청운2로 67,0,0,0,0,0,1,1,0,1,0,2,1,1,2,1,3,1,1,0,0,0,0,0
31200700,매입임대,LH대구경북,매입다가구(경북경산시),다가구주택,경상북도 경산시 하양읍 가마실길 20-4,0,0,0,0,0,7,0,1,0,1,0,3,3,0,0,0,0,0,0,0,0,0,0
30978948,매입임대,LH대구경북,매입다가구(경북경산시),다가구주택,경상북도 경산시 하양읍 대학로 1518-10,0,0,0,0,2,2,1,0,2,2,3,5,0,3,3,0,0,0,0,1,0,0,0
31249197,매입임대,LH대구경북,매입다가구(경북경산시),아파트,경상북도 경산시 하양읍 하양로37길 19,0,0,0,0,0,0,0,0,0,0,1,0,0,0,0,0,0,0,0,0,0,0,0
30699738,매입임대(단지유형),LH대구경북,경주위덕삼성타운아파트,아파트,경상북도 경주시 강동면 동해대로 166-11,394,6,13,26,28,39,32,18,17,51,35,57,65,39,46,23,13,15,5,3,2,0,0
30699749,매입임대(단지유형),LH대구경북,경주전원홈그린,아파트,경상북도 경주시 건천읍 단석로 1830-6,40,1,0,1,2,0,3,3,0,2,3,4,4,8,9,5,1,3,0,0,0,0,0
30699382,건설임대,LH대구경북,경주건천휴먼시아,아파트,경상북도 경주시 건천읍 대곡용명길 27,443,25,32,51,51,34,56,38,50,76,49,79,64,116,82,55,45,26,11,8,2,1,0
31116152,매입임대,LH대구경북,매입다가구(경북경주시),다가구주택,경상북도 경주시 구매1길 15-2,0,2,0,0,0,0,0,3,1,2,0,0,3,2,3,1,2,1,0,0,0,0,1
31116148,매입임대,LH대구경북,매입다가구(경북경주시),다가구주택,경상북도 경주시 구매1길 15-5,0,0,0,0,0,1,0,0,0,1,1,0,2,2,3,1,2,0,0,0,0,0,0
31120939,매입임대,LH대구경북,매입다가구(경북경주시),다가구주택,경상북도 경주시 구매1길 15-7,0,0,0,0,0,0,0,1,1,0,2,0,2,2,1,2,1,0,0,0,0,0,2
31172621,매입임대,LH대구경북,매입다가구(경북경주시),다가구주택,경상북도 경주시 금성로319번길 12-1,0,0,2,0,0,3,1,1,1,0,0,0,0,0,0,0,0,0,0,0,0,0,0
31116160,매입임대,LH대구경북,매입다가구(경북경주시),다가구주택,경상북도 경주시 동대로12번길 9-2,0,0,0,0,0,1,1,0,0,2,0,2,1,2,1,3,0,0,1,0,0,0,0
31109910,매입임대,LH대구경북,매입다가구(경북경주시),다세대주택,경상북도 경주시 불국로 80-16,0,1,2,3,0,1,1,0,0,2,2,2,1,2,2,1,0,1,0,0,0,0,0
31109923,매입임대,LH대구경북,매입다가구(경북경주시),다세대주택,경상북도 경주시 불국로 80-18,0,0,0,1,0,1,2,1,0,0,1,0,1,2,1,1,0,0,0,0,0,0,0
31109924,매입임대,LH대구경북,매입다가구(경북경주시),다세대주택,경상북도 경주시 불국로 80-20,0,1,1,0,0,1,2,0,1,4,1,1,1,1,1,0,0,0,0,0,0,0,0
31109917,매입임대,LH대구경북,매입다가구(경북경주시),다세대주택,경상북도 경주시 불국로 80-22,0,0,0,0,1,0,1,1,0,1,2,0,0,2,1,0,1,0,0,0,0,0,0
31263526,건설임대,LH대구경북,경주용강1단지(증축 영구임대주택),아파트,경상북도 경주시 승삼1길 34,232,0,0,7,2,4,7,6,5,8,12,17,40,20,50,30,25,19,10,1,0,1,0
30700188,건설임대,LH대구경북,경주용강주공아파트,아파트,경상북도 경주시 승삼1길 34,978,2,9,38,29,96,139,48,61,59,53,183,112,182,143,108,53,100,32,16,8,1,0
31035809,매입임대,LH대구경북,매입다가구(경북경주시),다세대주택,경상북도 경주시 시래둑길 45,0,2,1,4,1,0,0,2,0,2,2,0,0,2,2,0,0,0,0,0,0,0,0
30700687,매입임대(단지유형),LH대구경북,에덴타운,아파트,경상북도 경주시 안강읍 구부랑4길 24-22,996,0,3,11,8,8,10,7,3,12,7,7,8,7,8,2,4,6,3,0,0,0,0
30701567,매입임대(단지유형),LH대구경북,경주안강장미마을,아파트,경상북도 경주시 안강읍 구부랑두림길 122-5,30,0,0,0,0,0,1,0,0,0,2,0,1,2,0,2,1,1,0,0,0,0,0
30700401,건설임대,LH대구경북,경주안강LH아파트,아파트,경상북도 경주시 안강읍 안강중앙로 141,456,30,36,33,28,56,55,42,30,61,67,80,75,90,69,65,44,42,17,8,4,0,0
30699418,매입임대(단지유형),LH대구경북,한동그린타운,아파트,경상북도 경주시 안강읍 피일길 82,0,8,17,49,44,37,58,25,19,60,50,56,77,50,38,45,24,28,9,2,1,0,0
30699410,매입임대(단지유형),LH대구경북,한동화성타운,아파트,경상북도 경주시 안강읍 피일길 86-17,0,9,21,16,33,35,36,24,17,41,28,47,37,20,26,12,12,8,3,2,0,0,0
30699703,매입임대(단지유형),LH대구경북,우성한빛타운2차아파트,아파트,경상북도 경주시 안강읍 화전길 71-4,9,0,1,4,2,3,0,0,0,5,4,2,2,1,0,1,1,0,0,1,0,0,0
30699634,매입임대(단지유형),LH대구경북,경주일천푸른마을,아파트,경상북도 경주시 안강읍 화전남1길 7-6,51,2,4,20,19,11,10,5,5,18,10,12,18,7,7,6,5,3,2,0,0,0,0
30699677,매입임대(단지유형),LH대구경북,우성한빛타운1차아파트,아파트,경상북도 경주시 안강읍 화전중앙길 14-2,158,2,2,11,8,7,22,12,7,10,12,22,14,30,26,20,6,25,3,4,2,0,0
30700395,건설임대,LH대구경북,경주외동아파트,아파트,경상북도 경주시 외동읍 본동길 14,499,29,24,46,64,59,67,36,49,79,76,97,89,103,88,48,26,36,9,6,3,0,0
4204,건설임대,경주시,금강아파트,아파트,경상북도 경주시 초당길137번길 35,99,0,0,8,5,16,20,7,7,8,12,16,13,23,19,16,11,9,3,3,1,0,0
31215405,매입임대,LH대구경북,매입다가구(경북경주시),다가구주택,경상북도 경주시 충효4길 10,0,0,0,0,0,1,5,0,3,0,0,1,1,0,0,0,0,0,0,0,0,0,0
31116155,매입임대,LH대구경북,매입다가구(경북경주시),다가구주택,경상북도 경주시 충효4길 10-2,0,1,1,0,0,2,1,3,4,0,0,1,0,0,0,2,0,0,1,0,0,0,0
31116156,매입임대,LH대구경북,매입다가구(경북경주시),다가구주택,경상북도 경주시 충효4길 10-4,0,2,0,5,2,1,0,2,2,1,2,1,1,0,6,0,0,0,0,0,0,0,0
30701370,매입임대,LH대구경북,매입다가구(경북경주시),다가구주택,경상북도 경주시 태종로699번길 21,0,0,0,1,3,3,4,1,0,3,0,2,1,2,1,0,1,1,0,0,0,0,0
30700189,건설임대,LH대구경북,금장주공아파트,아파트,경상북도 경주시 현곡면 안현로 43-6,526,20,30,78,76,144,139,56,66,106,93,189,144,151,109,65,39,31,19,5,4,0,0
30699528,건설임대,LH대구경북,고령다산주공1차아파트,아파트,경상북도 고령군 다산면 상곡길 28,290,29,22,59,72,47,61,38,35,81,63,75,65,51,45,36,26,19,12,4,1,0,0
30699576,건설임대,LH대구경북,고령다산2단지,아파트,경상북도 고령군 다산면 상곡길 85,496,36,35,106,93,54,52,50,51,134,110,82,90,108,78,63,57,23,17,8,1,0,0
30700311,건설임대,LH대구경북,고령다산휴먼시아 3단지,아파트,경상북도 고령군 다산면 평리6길 30,474,32,42,45,48,22,35,49,54,60,78,61,58,100,77,51,38,31,19,6,2,1,0
30699768,매입임대(단지유형),LH대구경북,고령디오팰리스,아파트,경상북도 고령군 대가야읍 대가야로 1533,180,26,32,39,37,36,30,29,19,47,34,36,34,23,15,4,4,7,4,0,0,1,0
30699462,매입임대(단지유형),LH대구경북,고령덕경인터빌,아파트,경상북도 고령군 대가야읍 덕경길 9-21,0,2,1,2,5,8,4,1,3,7,6,5,7,9,10,1,1,1,2,1,1,0,0
30705075,매입임대,LH대구경북,매입다가구(경북구미시),다가구주택,경상북도 구미시 3공단1로 275-46,0,0,0,1,0,1,0,1,3,0,0,4,1,0,1,0,2,0,0,0,0,0,0
30856047,매입임대,LH대구경북,매입다가구(경북구미시),다가구주택,경상북도 구미시 3공단1로 275-48,0,0,0,0,0,3,1,0,2,0,0,0,0,0,0,0,0,0,0,0,0,0,0
30700180,건설임대,LH대구경북,구미황상3주공아파트,아파트,경상북도 구미시 검성로 115,600,2,3,13,14,37,44,15,22,34,45,60,71,92,94,79,45,80,20,9,4,1,0
30988040,매입임대,LH대구경북,매입다가구(경북구미시),다가구주택,경상북도 구미시 고아읍 문성9길 22-70,0,1,0,0,2,5,1,1,1,0,0,3,2,0,0,1,0,0,1,0,0,0,0
30988041,매입임대,LH대구경북,매입다가구(경북구미시),다가구주택,경상북도 구미시 고아읍 문성9길 22-70,0,3,2,2,0,1,2,3,2,2,1,3,1,2,1,0,0,0,0,0,0,0,0
30988039,매입임대,LH대구경북,매입다가구(경북구미시),다가구주택,경상북도 구미시 고아읍 문성9길 22-72,0,6,1,0,3,0,0,4,1,2,5,0,0,1,1,1,0,0,0,0,0,0,0
30988042,매입임대,LH대구경북,매입다가구(경북구미시),다가구주택,경상북도 구미시 고아읍 문성9길 22-72,0,1,0,4,2,2,1,1,0,3,3,2,1,1,2,0,0,0,0,0,0,0,0
30699422,매입임대(단지유형),LH대구경북,구미고아에덴타운,아파트,경상북도 구미시 고아읍 선산대로 1220,0,2,6,2,2,2,5,4,1,1,4,7,4,3,4,1,2,1,0,1,0,0,0
30705078,매입임대,LH대구경북,매입다가구(경북구미시),다가구주택,경상북도 구미시 공원로 362,0,0,0,1,0,0,1,2,0,0,2,1,5,0,4,1,0,0,0,0,0,0,0
30965610,매입임대,LH대구경북,매입다가구(경북구미시),다가구주택,경상북도 구미시 광평길 28-11,0,0,0,0,0,0,0,0,0,1,0,0,0,0,0,0,0,0,0,0,0,0,0
30965637,매입임대,LH대구경북,매입다가구(경북구미시),다가구주택,경상북도 구미시 광평길 28-11,0,1,0,0,0,0,1,1,1,1,1,2,3,3,2,0,1,1,0,0,0,0,0
30965641,매입임대,LH대구경북,매입다가구(경북구미시),다가구주택,경상북도 구미시 광평길 28-11,0,0,0,0,0,2,0,0,0,0,0,0,0,0,0,0,0,1,0,0,0,0,0
30997618,매입임대,LH대구경북,매입다가구(경북구미시),다가구주택,경상북도 구미시 구미중앙로25길 5-12,0,0,1,1,1,7,4,1,3,1,1,1,3,2,1,1,0,0,1,0,0,0,0
30705081,매입임대,LH대구경북,매입다가구(경북구미시),다가구주택,경상북도 구미시 구미중앙로27길 17,0,0,0,0,0,0,1,0,0,1,2,5,0,0,4,0,0,0,0,0,0,0,0
30966457,매입임대,LH대구경북,매입다가구(경북구미시),다가구주택,경상북도 구미시 구미중앙로33길 21,0,0,0,0,0,0,1,2,1,1,1,1,3,2,2,2,1,1,0,0,0,0,0
30997612,매입임대,LH대구경북,매입다가구(경북구미시),다가구주택,경상북도 구미시 구미중앙로37길 10,0,0,0,1,1,2,1,1,2,2,1,1,0,2,3,2,1,0,0,0,0,0,0
30705082,매입임대,LH대구경북,매입다가구(경북구미시),다가구주택,경상북도 구미시 구미중앙로3길 12-10,0,0,0,1,2,1,3,1,0,0,1,3,1,2,2,2,0,0,0,0,0,0,0
30705083,매입임대,LH대구경북,매입다가구(경북구미시),다가구주택,경상북도 구미시 구미중앙로3길 12-12,0,1,0,1,0,2,4,0,1,1,1,3,2,2,3,1,1,0,0,0,0,0,0
31179254,매입임대,LH대구경북,매입다가구(경북구미시),다가구주택,경상북도 구미시 구미중앙로42길 5-8,0,0,0,0,0,4,0,0,1,1,2,2,4,2,2,0,2,0,1,0,0,0,0
30700813,매입임대(단지유형),LH대구경북,아름들이,다세대주택,경상북도 구미시 금오대로10길 45-1,205,2,1,2,2,0,1,2,2,3,3,1,1,0,0,0,0,0,0,0,0,0,0
30700814,매입임대(단지유형),LH대구경북,아름들이,다세대주택,경상북도 구미시 금오대로24길 42,205,5,4,3,0,1,0,1,1,3,2,0,0,2,1,0,0,0,0,0,0,0,0
30700815,매입임대(단지유형),LH대구경북,아름들이,다세대주택,경상북도 구미시 금오대로24길 42,205,4,2,4,3,1,1,2,1,5,2,0,1,1,1,0,0,0,0,0,0,0,0
30700816,매입임대(단지유형),LH대구경북,아름들이,다세대주택,경상북도 구미시 금오대로24길 44,205,5,2,7,0,1,0,6,1,6,9,1,1,1,2,1,0,0,0,0,0,0,0
30700825,매입임대(단지유형),LH대구경북,아름들이,다세대주택,경상북도 구미시 금오산로4길 5-2,205,1,2,0,1,0,0,1,1,1,3,1,0,0,1,0,0,0,0,0,0,0,0
30700182,건설임대,LH대구경북,구미도량2지구3단지,아파트,경상북도 구미시 도봉로5길 33,490,22,31,62,66,123,128,48,62,111,72,160,110,113,79,39,20,24,8,3,2,0,0
30965629,매입임대,LH대구경북,매입다가구(경북구미시),다가구주택,경상북도 구미시 도봉로5안길 4-23,0,0,0,0,0,1,0,0,0,0,1,0,1,0,1,0,1,0,0,0,0,0,0
30965678,매입임대,LH대구경북,매입다가구(경북구미시),다가구주택,경상북도 구미시 도봉로5안길 4-23,0,0,0,0,0,0,0,0,1,0,0,1,0,0,1,0,0,0,0,0,0,0,0
30840881,매입임대,LH대구경북,매입다가구(경북구미시),다가구주택,경상북도 구미시 도봉로5안길 7-25,0,0,2,1,1,1,2,1,0,2,4,2,2,0,0,0,0,1,1,0,0,0,0
30700183,건설임대,LH대구경북,도산휴먼시아아파트,아파트,경상북도 구미시 문장로12길 45,292,19,18,64,58,42,57,29,24,86,69,79,52,57,35,22,13,20,8,2,0,0,0
31128748,매입임대(단지유형),LH대구경북,구미화성파크드림,아파트,경상북도 구미시 박정희로 236-8,60,0,0,2,1,1,1,0,0,1,1,1,1,0,0,0,0,0,0,0,0,0,0
31128749,매입임대(단지유형),LH대구경북,구미화성파크드림,아파트,경상북도 구미시 박정희로 236-8,60,0,0,6,2,1,3,1,0,2,4,4,3,0,1,0,0,0,0,0,0,0,0
31128773,매입임대(단지유형),LH대구경북,구미화성파크드림,아파트,경상북도 구미시 박정희로 236-8,60,0,1,1,0,2,2,0,0,3,2,0,1,1,1,0,0,0,0,0,0,0,0
31128802,매입임대(단지유형),LH대구경북,구미화성파크드림,아파트,경상북도 구미시 박정희로 236-8,60,0,2,2,1,0,0,1,0,1,3,0,0,0,0,0,0,0,0,0,0,0,0
31128855,매입임대(단지유형),LH대구경북,구미화성파크드림,아파트,경상북도 구미시 박정희로 236-8,60,1,1,4,10,1,3,1,0,7,2,0,1,2,1,0,1,0,0,0,0,0,0
31200699,매입임대,LH대구경북,매입다가구(경북구미시),다가구주택,경상북도 구미시 백산로 81-6,0,0,0,0,0,3,2,0,1,1,2,1,1,2,0,0,2,0,0,0,0,0,0
30966448,매입임대,LH대구경북,매입다가구(경북구미시),다가구주택,경상북도 구미시 봉곡남로15길 44,0,1,1,2,3,3,0,1,1,1,1,2,4,3,2,2,0,1,0,0,0,0,0
30700817,매입임대(단지유형),LH대구경북,아름들이,다세대주택,경상북도 구미시 봉곡남로15길 5,205,2,1,3,2,0,0,2,1,5,5,1,0,0,0,0,0,0,0,0,0,0,0
30705084,매입임대,LH대구경북,매입다가구(경북구미시),다가구주택,경상북도 구미시 봉곡남로16길 15-14,0,0,0,0,0,4,3,0,0,1,1,6,2,0,2,0,0,1,0,0,0,0,0
30705085,매입임대,LH대구경북,매입다가구(경북구미시),다가구주택,경상북도 구미시 봉곡남로17길 26,0,1,2,2,3,3,2,1,2,1,2,2,1,0,4,0,1,0,0,0,0,0,0
30705086,매입임대,LH대구경북,매입다가구(경북구미시),다가구주택,경상북도 구미시 봉곡남로18길 15-60,0,2,1,1,0,2,3,2,1,1,0,2,1,1,3,0,0,1,1,0,0,0,0
30705087,매입임대,LH대구경북,매입다가구(경북구미시),다가구주택,경상북도 구미시 봉곡남로18길 15-62,0,0,0,5,2,1,0,2,1,5,2,2,1,1,2,0,0,0,0,0,0,0,0
30700818,매입임대(단지유형),LH대구경북,아름들이,다세대주택,경상북도 구미시 봉곡남로18길 5-44,205,4,2,3,1,1,1,5,4,1,1,2,1,2,0,1,0,0,0,0,0,0,0
30700819,매입임대(단지유형),LH대구경북,아름들이,다세대주택,경상북도 구미시 봉곡남로18길 5-44,205,1,1,1,2,3,1,3,1,2,3,5,2,1,0,1,1,1,1,0,0,0,0
30705088,매입임대,LH대구경북,매입다가구(경북구미시),다가구주택,경상북도 구미시 봉곡남로18길 5-50,0,2,0,1,4,0,2,0,1,3,0,2,2,1,4,0,1,0,0,0,0,0,0
30705089,매입임대,LH대구경북,매입다가구(경북구미시),다가구주택,경상북도 구미시 봉곡남로21길 32,0,1,0,0,0,3,3,0,2,3,0,0,2,1,0,1,2,0,0,0,0,0,0
31111179,매입임대,LH대구경북,매입다가구(경북구미시),다가구주택,경상북도 구미시 봉곡남로3길 19,0,0,0,0,0,0,3,0,3,0,0,0,0,0,0,0,0,0,0,0,0,0,0
30965625,매입임대,LH대구경북,매입다가구(경북구미시),다가구주택,경상북도 구미시 봉곡남로3길 23,0,0,0,1,0,0,0,0,0,0,0,1,0,0,0,0,0,0,0,0,0,0,0
30965635,매입임대,LH대구경북,매입다가구(경북구미시),다가구주택,경상북도 구미시 봉곡남로3길 23,0,0,0,1,1,2,0,0,1,2,1,2,0,1,2,0,0,0,0,0,0,0,0
30965639,매입임대,LH대구경북,매입다가구(경북구미시),다가구주택,경상북도 구미시 봉곡남로3길 23,0,0,0,0,0,1,1,0,0,1,0,0,0,0,0,0,0,0,0,0,0,0,0
30966453,매입임대,LH대구경북,매입다가구(경북구미시),다가구주택,경상북도 구미시 봉곡남로3길 24,0,0,1,1,0,2,1,0,3,1,2,3,2,2,1,0,0,0,0,0,0,0,0
30700820,매입임대(단지유형),LH대구경북,아름들이,다세대주택,경상북도 구미시 봉곡남로9길 28,205,1,0,3,2,0,3,1,1,5,3,1,2,0,0,0,0,0,0,0,0,0,0
30705090,매입임대,LH대구경북,매입다가구(경북구미시),다가구주택,경상북도 구미시 봉곡동로4길 11,0,0,0,3,4,2,3,2,0,0,1,2,4,2,1,0,1,0,0,0,0,0,0
30705091,매입임대,LH대구경북,매입다가구(경북구미시),다가구주택,경상북도 구미시 봉곡동로4길 13-3,0,0,0,0,0,4,1,0,0,0,1,5,2,2,0,1,1,0,0,0,0,0,0
30705079,매입임대,LH대구경북,매입다가구(경북구미시),다가구주택,경상북도 구미시 봉곡로 130-12,0,0,0,0,0,2,0,0,1,0,0,1,2,2,2,0,2,1,1,0,0,0,0
30700822,매입임대(단지유형),LH대구경북,아름들이,다세대주택,경상북도 구미시 봉곡로13길 27,205,2,1,2,1,1,0,4,4,1,1,0,0,1,1,1,1,0,0,0,0,0,0
30700821,매입임대(단지유형),LH대구경북,아름들이,다세대주택,경상북도 구미시 봉곡로14길 11-6,205,1,4,2,1,2,2,0,2,3,3,3,0,2,1,0,0,0,0,0,0,0,0
30705092,매입임대,LH대구경북,매입다가구(경북구미시),다가구주택,경상북도 구미시 봉곡로14길 11-8,0,1,2,1,1,0,1,2,0,1,1,3,3,0,0,0,1,0,0,0,0,0,0
30705076,매입임대,LH대구경북,매입다가구(경북구미시),다가구주택,경상북도 구미시 봉곡로15길 31,0,0,1,3,1,3,3,0,1,1,3,1,2,1,2,0,0,0,1,0,0,0,0
30700823,매입임대(단지유형),LH대구경북,아름들이,다세대주택,경상북도 구미시 봉곡로15길 40,205,2,2,5,3,3,0,2,0,8,4,1,2,0,0,0,0,0,0,0,0,0,0
30966447,매입임대,LH대구경북,매입다가구(경북구미시),다가구주택,경상북도 구미시 봉곡로15길 41,0,1,1,3,4,1,2,2,3,2,1,0,4,2,2,0,1,0,0,1,0,0,0
30705093,매입임대,LH대구경북,매입다가구(경북구미시),다가구주택,경상북도 구미시 봉곡로15길 44,0,0,2,2,2,4,3,2,1,2,1,2,2,0,0,0,1,0,0,0,0,0,0
30705094,매입임대,LH대구경북,매입다가구(경북구미시),다가구주택,경상북도 구미시 봉곡로17길 28-10,0,1,0,1,0,1,2,1,1,0,0,2,0,3,2,2,0,0,0,0,0,0,0
30705095,매입임대,LH대구경북,매입다가구(경북구미시),다가구주택,경상북도 구미시 봉곡로20길 17-9,0,0,2,1,1,1,2,1,0,2,3,3,1,1,1,1,0,0,0,0,0,0,0
30705096,매입임대,LH대구경북,매입다가구(경북구미시),다가구주택,경상북도 구미시 봉곡로20길 29-3,0,0,0,1,0,3,5,1,0,1,1,3,1,1,1,1,1,0,0,0,0,0,0
30966445,매입임대,LH대구경북,매입다가구(경북구미시),다가구주택,경상북도 구미시 봉곡로20길 9-10,0,4,6,0,1,0,1,5,1,3,0,1,2,0,0,0,0,1,1,0,0,0,0
30705097,매입임대,LH대구경북,매입다가구(경북구미시),다가구주택,경상북도 구미시 봉곡로23길 20-8,0,0,0,2,0,3,0,0,0,2,2,1,5,0,0,0,1,0,0,0,1,0,0
30840888,매입임대,LH대구경북,매입다가구(경북구미시),다가구주택,경상북도 구미시 봉곡로3길 10-8,0,1,0,0,1,0,2,0,1,2,2,0,3,4,0,0,1,0,0,0,0,0,0
30700824,매입임대(단지유형),LH대구경북,아름들이,다세대주택,경상북도 구미시 봉곡로3길 6-7,205,3,1,5,2,2,3,5,4,4,10,7,4,4,3,1,0,0,1,0,0,0,0
30965631,매입임대,LH대구경북,매입다가구(경북구미시),다가구주택,경상북도 구미시 봉곡로3길 6-9,0,0,0,0,0,0,3,0,1,0,1,1,3,0,0,0,0,0,0,0,0,0,0
30965649,매입임대,LH대구경북,매입다가구(경북구미시),다가구주택,경상북도 구미시 봉곡로3길 6-9,0,0,0,0,0,0,0,0,0,0,0,1,0,1,0,0,0,0,0,0,0,0,0
30965684,매입임대,LH대구경북,매입다가구(경북구미시),다가구주택,경상북도 구미시 봉곡로3길 6-9,0,0,0,0,0,0,1,0,0,0,0,0,0,0,0,0,0,0,0,0,0,0,0
30700826,매입임대(단지유형),LH대구경북,아름들이,다세대주택,경상북도 구미시 봉곡로4길 15,205,1,1,0,2,1,1,3,2,4,3,5,1,0,1,0,1,0,0,0,0,0,0
30997608,매입임대,LH대구경북,매입다가구(경북구미시),다가구주택,경상북도 구미시 봉곡로4길 8-5,0,1,2,3,0,2,3,4,2,0,1,0,1,0,1,0,0,0,0,0,0,0,0
30990188,매입임대,LH대구경북,매입다가구(경북구미시),다가구주택,경상북도 구미시 봉곡로4길 8-7,0,0,0,0,0,2,3,2,2,4,1,2,1,0,1,0,1,0,0,0,0,0,0
30700827,매입임대(단지유형),LH대구경북,아름들이,다세대주택,경상북도 구미시 봉곡로9길 5,205,0,1,0,3,2,2,2,2,1,2,4,2,2,3,0,0,0,1,0,0,0,0
30997613,매입임대,LH대구경북,매입다가구(경북구미시),다가구주택,경상북도 구미시 봉곡북로11길 4,0,2,1,0,0,0,0,1,2,4,2,2,3,1,2,1,0,0,0,0,0,0,0
31241962,매입임대,LH대구경북,매입다가구(경북구미시),다가구주택,경상북도 구미시 봉곡북로15길 14,0,0,1,0,2,2,3,1,0,3,2,0,2,0,0,0,1,0,0,0,0,0,0
30700828,매입임대(단지유형),LH대구경북,아름들이,다세대주택,경상북도 구미시 봉곡북로3길 4,205,0,0,2,2,0,0,3,2,1,0,0,1,0,0,0,0,1,0,0,0,0,0
30966458,매입임대,LH대구경북,매입다가구(경북구미시),다가구주택,경상북도 구미시 봉곡북로5길 10-11,0,1,1,1,0,3,2,1,2,0,1,4,2,1,2,0,0,0,0,0,0,0,0
30965636,매입임대,LH대구경북,매입다가구(경북구미시),다가구주택,경상북도 구미시 봉곡북로5길 14-10,0,1,1,2,0,0,0,1,2,2,3,0,2,0,1,1,0,0,2,0,0,0,0
30965647,매입임대,LH대구경북,매입다가구(경북구미시),다가구주택,경상북도 구미시 봉곡북로5길 14-10,0,0,0,0,0,0,0,0,0,1,0,0,0,0,0,0,0,0,0,0,0,0,0
30965664,매입임대,LH대구경북,매입다가구(경북구미시),다가구주택,경상북도 구미시 봉곡북로5길 14-10,0,0,0,3,0,0,0,0,0,1,0,0,0,0,0,0,0,0,0,0,0,0,0
30705098,매입임대,LH대구경북,매입다가구(경북구미시),다가구주택,경상북도 구미시 봉곡북로5길 14-8,0,1,1,0,3,5,2,1,2,3,2,1,2,0,0,1,1,0,0,0,0,0,0
30997611,매입임대,LH대구경북,매입다가구(경북구미시),다가구주택,경상북도 구미시 봉곡북로5길 7,0,0,1,0,0,1,0,2,0,1,4,2,4,1,3,1,1,0,0,0,0,0,0
30966459,매입임대,LH대구경북,매입다가구(경북구미시),다가구주택,경상북도 구미시 봉곡북로7길 10,0,0,1,0,2,2,0,1,1,2,1,3,1,1,1,0,5,0,0,0,0,0,0
30966456,매입임대,LH대구경북,매입다가구(경북구미시),다가구주택,경상북도 구미시 봉곡북로9길 21,0,0,1,1,1,0,6,4,1,0,0,2,3,1,0,1,0,2,0,0,0,0,0
30705099,매입임대,LH대구경북,매입다가구(경북구미시),다가구주택,경상북도 구미시 봉곡서로11길 18,0,0,1,0,1,1,3,0,2,1,3,0,2,2,3,1,1,0,0,0,0,0,0
30705100,매입임대,LH대구경북,매입다가구(경북구미시),다가구주택,경상북도 구미시 봉곡서로11길 20,0,0,0,0,0,1,2,0,2,0,1,2,1,3,3,1,2,0,0,0,0,0,0
30705101,매입임대,LH대구경북,매입다가구(경북구미시),다가구주택,경상북도 구미시 봉곡서로11안길 3,0,2,1,1,1,0,2,2,3,2,3,2,1,4,2,0,1,0,0,0,0,0,0
31111175,매입임대,LH대구경북,매입다가구(경북구미시),다가구주택,경상북도 구미시 봉곡서로1길 17,0,0,0,0,0,2,2,0,2,1,0,0,1,0,0,0,0,0,0,0,0,0,0
30705102,매입임대,LH대구경북,매입다가구(경북구미시),다가구주택,경상북도 구미시 봉곡서로1길 6-9,0,0,1,1,0,2,1,0,2,0,0,2,1,0,1,0,1,0,0,0,0,1,0
31008257,매입임대,LH대구경북,매입다가구(경북구미시),다가구주택,경상북도 구미시 봉곡서로3길 15,0,0,0,0,0,1,0,0,4,0,0,0,1,1,2,0,0,0,0,0,0,0,0
30700829,매입임대(단지유형),LH대구경북,아름들이,다세대주택,경상북도 구미시 봉곡서로5길 14-16,205,2,2,2,0,1,0,4,1,3,2,2,0,0,1,0,0,0,0,0,0,0,0
30705103,매입임대,LH대구경북,매입다가구(경북구미시),다가구주택,경상북도 구미시 봉곡서로5길 14-24,0,1,3,1,2,0,2,1,0,1,4,0,2,2,2,0,4,0,0,0,0,0,0
31111177,매입임대,LH대구경북,매입다가구(경북구미시),다가구주택,경상북도 구미시 봉곡서로5길 14-8,0,0,0,0,0,3,0,1,2,1,0,2,0,0,1,0,0,0,0,0,0,0,0
30705104,매입임대,LH대구경북,매입다가구(경북구미시),다가구주택,경상북도 구미시 봉곡서로9길 10,0,2,0,0,2,3,0,2,2,2,2,0,1,1,2,0,3,0,0,0,0,0,0
30705105,매입임대,LH대구경북,매입다가구(경북구미시),다가구주택,경상북도 구미시 봉곡서로9길 11,0,0,3,0,0,2,1,2,2,1,4,1,2,0,1,0,1,0,0,0,0,0,0
30700830,매입임대(단지유형),LH대구경북,아름들이,다세대주택,경상북도 구미시 봉곡서로9길 5,205,2,1,1,2,2,0,3,1,0,1,1,1,0,1,1,1,0,0,0,0,0,0
30997606,매입임대,LH대구경북,매입다가구(경북구미시),다가구주택,경상북도 구미시 비산로3길 14-17,0,0,1,1,0,2,3,0,2,4,2,1,1,2,1,0,0,1,0,0,0,0,0
30700831,매입임대(단지유형),LH대구경북,아름들이,다세대주택,경상북도 구미시 사곡로5길 34-8,205,1,1,0,3,3,3,1,4,3,3,1,1,2,1,0,0,0,0,0,0,0,0
30705106,매입임대,LH대구경북,매입다가구(경북구미시),다가구주택,경상북도 구미시 사곡로5길 8-20,0,1,1,3,2,3,1,1,4,3,2,4,3,0,1,0,0,0,0,0,0,0,0
30997624,매입임대,LH대구경북,매입다가구(경북구미시),다가구주택,경상북도 구미시 산업로28길 24,0,0,0,0,0,2,1,2,2,3,1,1,2,1,2,2,1,0,0,0,0,0,0
31241940,매입임대,LH대구경북,매입다가구(경북구미시),다가구주택,경상북도 구미시 산호대로24길 31-2,0,0,0,0,0,1,0,0,2,1,1,0,0,0,1,1,0,0,0,0,0,0,0
30705119,매입임대,LH대구경북,매입다가구(경북구미시),다가구주택,경상북도 구미시 산호대로24길 31-3,0,0,1,4,0,3,7,1,3,0,0,3,2,0,1,2,1,2,1,0,0,0,0
31241944,매입임대,LH대구경북,매입다가구(경북구미시),다가구주택,경상북도 구미시 산호대로24길 33-1,0,0,0,0,0,1,1,0,0,1,0,0,1,0,0,0,0,0,0,0,0,0,0
30705120,매입임대,LH대구경북,매입다가구(경북구미시),다가구주택,경상북도 구미시 산호대로24길 43,0,1,0,2,2,4,3,0,0,4,3,1,1,2,3,0,0,0,0,0,0,0,0
30705107,매입임대,LH대구경북,매입다가구(경북구미시),다가구주택,경상북도 구미시 상모로1길 40,0,0,0,0,0,1,0,0,2,2,0,2,3,5,2,0,0,2,0,0,0,0,0
30705080,매입임대,LH대구경북,매입다가구(경북구미시),다가구주택,경상북도 구미시 상사동로 91-8,0,1,2,0,2,2,5,2,2,0,1,4,3,0,1,0,0,0,0,0,0,0,0
30705108,매입임대,LH대구경북,매입다가구(경북구미시),다가구주택,경상북도 구미시 상사동로13길 9-11,0,1,0,0,3,0,0,0,1,1,1,3,3,0,0,3,0,0,1,0,0,0,0
30705109,매입임대,LH대구경북,매입다가구(경북구미시),다가구주택,경상북도 구미시 상사동로16길 19-5,0,0,0,0,1,3,3,2,1,1,1,3,0,2,4,1,0,0,0,0,0,0,0
30700832,매입임대(단지유형),LH대구경북,아름들이,다세대주택,경상북도 구미시 상사동로16길 9-6,205,2,4,0,2,1,2,4,3,1,4,2,1,0,1,0,0,1,0,0,0,0,0
30700833,매입임대(단지유형),LH대구경북,아름들이,다세대주택,경상북도 구미시 상사동로24길 5-78,205,3,4,2,2,2,0,3,2,1,3,1,0,0,1,0,0,0,0,0,0,0,0
30705110,매입임대,LH대구경북,매입다가구(경북구미시),다가구주택,경상북도 구미시 상사서로13길 6-12,0,0,0,0,1,0,1,3,1,0,1,2,3,1,0,2,0,1,0,0,0,0,0
31218931,매입임대,LH대구경북,매입다가구(경북구미시),다가구주택,경상북도 구미시 상사서로25길 8-3,0,0,0,0,0,1,2,1,1,1,8,1,2,0,2,0,1,0,1,0,0,0,0
30997609,매입임대,LH대구경북,매입다가구(경북구미시),다가구주택,경상북도 구미시 상사서로25길 8-5,0,0,1,0,3,5,5,2,1,0,1,3,1,1,1,0,0,0,0,0,0,0,0
30705111,매입임대,LH대구경북,매입다가구(경북구미시),다가구주택,경상북도 구미시 상사서로9길 14-11,0,0,1,1,1,0,8,1,0,3,0,3,2,2,1,1,0,0,0,0,0,0,0
30705112,매입임대,LH대구경북,매입다가구(경북구미시),다가구주택,경상북도 구미시 상사서로9길 14-9,0,0,0,1,3,3,5,3,2,1,0,5,5,1,0,0,0,0,0,0,0,0,0
30705077,매입임대,LH대구경북,매입다가구(경북구미시),다가구주택,경상북도 구미시 새마을로 16,0,0,0,1,0,4,6,1,0,2,0,3,3,4,0,3,1,0,0,0,0,0,0
31200698,매입임대,LH대구경북,매입다가구(경북구미시),다가구주택,경상북도 구미시 송원서로6길 42-3,0,2,0,0,0,0,1,3,1,2,4,1,2,0,1,1,0,0,0,0,0,0,0
31224141,매입임대,LH대구경북,매입다가구(경북구미시),오피스텔,경상북도 구미시 송정대로 77,0,0,0,0,0,0,0,1,0,0,0,0,0,0,0,0,0,0,0,0,0,0,0
31224152,매입임대,LH대구경북,매입다가구(경북구미시),오피스텔,경상북도 구미시 송정대로 77,0,0,0,0,0,1,0,0,0,0,0,0,0,0,0,0,0,0,0,0,0,0,0
31224162,매입임대,LH대구경북,매입다가구(경북구미시),오피스텔,경상북도 구미시 송정대로 77,0,0,0,0,0,0,0,0,1,0,0,0,0,0,0,0,0,0,0,0,0,0,0
30705113,매입임대,LH대구경북,매입다가구(경북구미시),다가구주택,경상북도 구미시 수출대로25길 19,0,0,0,0,3,1,1,0,0,1,0,5,1,1,0,1,0,0,0,0,0,0,0
30705114,매입임대,LH대구경북,매입다가구(경북구미시),다가구주택,경상북도 구미시 수출대로25길 21,0,0,2,1,1,0,1,1,1,0,1,2,2,1,2,2,0,0,0,0,0,0,0
30705115,매입임대,LH대구경북,매입다가구(경북구미시),다가구주택,경상북도 구미시 수출대로33길 23-1,0,3,0,0,1,1,2,3,1,1,0,1,0,2,3,1,1,0,0,0,0,0,0
30705116,매입임대,LH대구경북,매입다가구(경북구미시),다가구주택,경상북도 구미시 수출대로35길 22,0,0,0,0,1,0,4,1,2,2,1,2,2,2,1,1,0,1,0,0,0,0,0
30700329,건설임대,LH대구경북,구미옥계 휴먼시아2단지,아파트,경상북도 구미시 옥계북로 43-52,998,129,137,108,119,124,129,238,205,224,214,163,90,110,78,50,23,18,8,8,1,1,0
31274052,매입임대,LH대구경북,매입다가구(경북구미시),오피스텔,경상북도 구미시 왕산로 70-9,0,0,0,0,0,0,0,1,1,0,0,0,0,0,0,0,0,0,0,0,0,0,0
31274667,매입임대,LH대구경북,매입다가구(경북구미시),오피스텔,경상북도 구미시 왕산로 70-9,0,0,0,0,0,0,1,0,2,0,0,0,0,0,0,0,0,0,0,0,0,0,0
31275353,매입임대,LH대구경북,매입다가구(경북구미시),오피스텔,경상북도 구미시 왕산로 70-9,0,0,0,0,0,0,0,1,0,0,0,1,1,0,0,0,0,0,0,0,0,0,0
31278844,매입임대,LH대구경북,매입다가구(경북구미시),오피스텔,경상북도 구미시 왕산로 70-9,0,0,0,0,0,0,0,0,2,0,0,0,1,0,0,0,0,0,0,0,0,0,0
30700181,건설임대,LH대구경북,인의주공아파트,아파트,경상북도 구미시 인동16길 48-1,757,37,46,124,149,126,152,110,96,241,219,178,164,93,66,44,26,24,6,1,0,0,0
30705117,매입임대,LH대구경북,매입다가구(경북구미시),다가구주택,경상북도 구미시 인동20길 59-17,0,1,1,1,2,1,3,2,1,0,5,1,0,3,3,2,2,0,1,0,0,0,0
30705118,매입임대,LH대구경북,매입다가구(경북구미시),다가구주택,경상북도 구미시 인동35길 28-23,0,1,0,0,0,1,2,1,3,2,0,1,1,2,2,0,0,1,0,0,0,0,0
30699788,건설임대,LH대구경북,구평휴먼시아아파트,아파트,경상북도 구미시 인동54길 25,377,26,26,67,70,45,51,68,62,109,77,76,42,49,24,16,9,4,2,0,0,0,0
31200684,매입임대,LH대구경북,매입다가구(경북구미시),다가구주택,경상북도 구미시 형곡동로2길 5-6,0,0,0,0,0,2,1,2,1,4,0,0,3,0,0,0,7,0,0,0,0,0,0
31194120,매입임대,LH대구경북,매입다가구(경북구미시),다가구주택,경상북도 구미시 형곡로10길 43,0,0,0,0,0,1,1,1,1,2,2,2,1,1,0,0,0,2,0,0,0,0,0
31143457,매입임대,LH대구경북,공공리모델링(경북구미시),다가구주택,경상북도 구미시 흥안로1길 13-16,10,0,0,1,0,2,4,0,0,0,0,2,1,0,0,0,0,0,0,0,0,0,0
30700443,건설임대,LH대구경북,군위서부1단지,아파트,경상북도 군위군 군위읍 동산새길 50,296,27,35,43,41,46,56,49,32,57,58,74,66,62,39,43,25,24,12,1,1,0,0
30832089,매입임대,LH대구경북,매입다가구(경북김천시),다가구주택,경상북도 김천시 가메실4길 14,0,2,0,3,0,1,1,0,0,4,1,2,1,2,4,3,0,1,0,0,0,0,0
30840885,매입임대,LH대구경북,매입다가구(경북김천시),다가구주택,경상북도 김천시 모암사랑4길 16-7,0,3,1,0,1,2,2,0,2,1,1,2,5,3,2,1,1,2,1,0,0,0,0
30997610,매입임대,LH대구경북,매입다가구(경북김천시),다가구주택,경상북도 김천시 모암사랑4길 16-9,0,1,1,1,0,1,1,2,5,0,2,1,2,6,2,1,0,2,0,0,0,0,0
30832081,매입임대,LH대구경북,매입다가구(경북김천시),다가구주택,경상북도 김천시 모암사랑7길 39,0,0,1,1,1,2,0,0,0,4,1,1,5,2,2,5,2,0,2,2,0,0,0
30699551,건설임대,LH대구경북,김천덕곡주공아파트,아파트,경상북도 김천시 무실7길 38,594,62,66,122,140,94,125,93,62,147,117,121,95,127,86,69,51,25,17,5,2,0,0
30700196,건설임대,LH대구경북,부곡주공2차아파트,아파트,경상북도 김천시 문지왈길 68,388,3,9,10,14,20,28,14,25,11,19,48,41,62,63,50,38,49,12,13,2,1,0
31189651,건설임대,LH대구경북,김천삼락 1블록 행복주택,아파트,경상북도 김천시 물망골길 71,410,6,6,2,5,100,60,38,63,41,24,66,74,17,19,10,10,12,1,1,0,0,0
30701365,매입임대,LH대구경북,매입다가구(경북김천시),다가구주택,경상북도 김천시 부곡시장2길 13-3,0,0,0,0,1,1,4,1,1,0,0,1,2,0,0,0,0,0,0,0,0,0,0
30840882,매입임대,LH대구경북,매입다가구(경북김천시),다가구주택,경상북도 김천시 부곡시장2길 9,0,0,0,1,1,2,3,1,0,0,2,1,3,0,2,2,0,0,0,0,0,0,0
30701366,매입임대,LH대구경북,매입다가구(경북김천시),다가구주택,경상북도 김천시 부곡중앙2길 28,0,1,1,1,1,0,0,0,0,4,2,2,2,0,0,1,1,0,1,0,0,0,0
30701367,매입임대,LH대구경북,매입다가구(경북김천시),다가구주택,경상북도 김천시 부곡중앙3길 33,0,0,0,1,0,1,0,0,1,2,2,0,2,0,0,0,4,0,1,0,0,0,0
30832080,매입임대,LH대구경북,매입다가구(경북김천시),다가구주택,경상북도 김천시 부곡중앙4길 25,0,0,1,1,1,0,0,2,0,2,2,1,4,1,1,2,2,1,0,0,0,0,0
30997614,매입임대,LH대구경북,매입다가구(경북김천시),다가구주택,경상북도 김천시 부곡중앙길 34,0,0,0,3,3,3,2,1,0,2,2,1,1,1,0,1,2,1,0,0,0,0,0
4205,건설임대,김천시,부흥아파트,아파트,경상북도 김천시 시청6길 7,100,0,0,1,2,5,9,2,2,4,11,6,7,25,9,23,21,12,7,0,0,0,0
30700197,건설임대,LH대구경북,김천대신휴먼시아,아파트,경상북도 김천시 시청로 93,422,32,23,67,60,67,83,43,27,76,52,102,64,84,57,64,18,42,10,3,0,0,0
30832086,매입임대,LH대구경북,매입다가구(경북김천시),다가구주택,경상북도 김천시 신기1길 57,0,0,1,1,1,2,1,1,2,1,2,3,1,1,3,1,0,0,0,0,0,0,0
30997620,매입임대,LH대구경북,매입다가구(경북김천시),다가구주택,경상북도 김천시 아랫장터2길 57,0,2,1,1,2,2,3,1,0,3,4,1,3,1,4,2,0,0,0,0,0,0,0
30832085,매입임대,LH대구경북,매입다가구(경북김천시),다가구주택,경상북도 김천시 아랫장터6길 7,0,0,0,0,2,0,3,0,1,1,2,0,6,1,2,1,2,1,0,0,0,0,0
30699611,매입임대(단지유형),LH대구경북,일천푸른마을아파트,아파트,경상북도 김천시 어모면 어모문화2길 19,82,0,4,11,18,8,8,1,1,16,9,9,7,6,5,2,2,3,1,2,0,0,0
30840884,매입임대,LH대구경북,매입다가구(경북김천시),다가구주택,경상북도 김천시 용머리2길 15,0,0,0,1,0,1,0,0,0,1,3,0,6,3,2,4,4,4,0,0,0,0,0
30827198,건설임대,LH대구경북,경북혁신도시 Ab9블록,아파트,경상북도 김천시 용전3로 10,488,57,65,55,56,71,73,111,100,102,103,79,68,52,69,13,15,10,6,5,1,1,0
30701368,매입임대,LH대구경북,매입다가구(경북김천시),다가구주택,경상북도 김천시 평화3길 25,0,0,0,0,0,0,3,0,0,0,0,2,0,1,1,0,4,0,0,0,0,0,0
30840890,매입임대,LH대구경북,매입다가구(경북김천시),다가구주택,경상북도 김천시 평화7길 12-3,0,0,1,0,1,1,0,0,1,2,0,2,2,0,1,2,2,0,0,0,0,0,0
30701369,매입임대,LH대구경북,매입다가구(경북김천시),다가구주택,경상북도 김천시 평화7길 32-8,0,1,0,2,0,0,4,2,0,0,1,1,2,3,3,1,1,3,0,0,0,0,0
31027707,건설임대,LH대구경북,경북김천혁신 Aa-1BL 국민임대주택,아파트,경상북도 김천시 해오름1로 17,938,39,50,31,33,116,76,139,211,91,118,87,95,95,84,48,29,33,19,4,2,1,0
30827197,건설임대,LH대구경북,경북혁신 Ab-8블록 보금자리주택 공공임대,아파트,경상북도 김천시 혁신4로 72,783,182,180,135,154,127,143,255,220,212,231,158,127,69,59,26,20,19,7,5,0,0,0
31128774,매입임대(단지유형),LH대구경북,장원하이드파크주상복합,아파트,경상북도 문경시 남부4길 13,43,3,4,8,11,4,4,1,0,10,3,3,4,2,0,0,0,1,0,0,0,0,0
30700194,건설임대,LH대구경북,매봉마을주공2단지,아파트,경상북도 문경시 매봉1길 35,428,46,56,57,72,88,92,85,58,113,106,115,108,68,40,27,21,15,7,1,4,0,0
30700195,건설임대,LH대구경북,모전2주공아파트,아파트,경상북도 문경시 매봉4길 25,388,1,2,11,18,23,19,11,15,16,24,35,34,72,79,82,37,41,12,16,0,0,0
30700193,건설임대,LH대구경북,상주냉림3주공아파트,아파트,경상북도 상주시 냉림2길 111,478,6,2,19,17,32,49,11,29,21,30,59,58,89,57,74,48,91,22,14,3,0,0
30700428,건설임대,LH대구경북,상주무양LH7단지아파트,아파트,경상북도 상주시 동수4길 55,0,75,73,109,109,94,113,115,108,146,126,145,125,149,98,65,43,25,11,12,0,0,0
30699671,매입임대(단지유형),LH대구경북,상주부민강변타운,아파트,경상북도 상주시 복룡냉림길 37,9,1,0,3,5,0,2,2,0,4,3,1,0,1,0,2,0,1,0,0,0,0,0
30980001,건설임대,LH대구경북,상주함창 A-1BL 국민임대,아파트,경상북도 상주시 함창읍 함령길 138,316,16,23,22,20,30,38,47,53,43,49,39,46,35,33,13,16,10,6,0,0,0,0
30819519,매입임대,LH대구경북,매입다가구(경북안동시),다가구주택,경상북도 안동시 경동로 361-13,0,1,1,2,1,1,4,1,0,2,4,1,1,2,3,0,2,0,0,0,0,0,0
31270410,건설임대,LH대구경북,안동송현2,아파트,경상북도 안동시 경북대로 467,940,0,0,0,0,0,0,0,0,0,0,0,0,0,0,0,0,0,0,0,0,0,0
31236390,매입임대,LH대구경북,매입다가구(경북안동시),다가구주택,경상북도 안동시 길주길 158,0,0,0,0,0,2,1,2,1,1,1,0,0,0,0,0,0,0,0,0,0,0,0
31266186,매입임대,LH대구경북,매입다가구(경북안동시),다가구주택,경상북도 안동시 단원로 45,0,0,0,0,0,1,0,1,3,1,2,1,0,0,0,0,0,0,0,0,0,0,0
31266197,매입임대,LH대구경북,매입다가구(경북안동시),다가구주택,경상북도 안동시 단원로 47,0,0,0,0,0,1,0,2,3,0,1,0,1,0,0,0,0,0,0,0,0,0,0
31236386,매입임대,LH대구경북,매입다가구(경북안동시),다가구주택,경상북도 안동시 단원로 61,0,0,0,0,0,0,0,0,2,1,1,0,0,0,0,0,0,0,0,0,0,0,0
31099952,매입임대,LH대구경북,매입다가구(경북안동시),다가구주택,경상북도 안동시 마들3길 17-11,0,0,0,1,0,3,1,2,2,2,1,3,1,1,0,0,1,0,0,0,0,0,0
31116157,매입임대,LH대구경북,매입다가구(경북안동시),다가구주택,경상북도 안동시 마들3길 17-9,0,0,0,3,2,2,0,0,1,1,3,4,2,1,1,1,0,0,0,0,0,0,0
30699380,건설임대,LH대구경북,안동송현휴먼시아,아파트,경상북도 안동시 송현길 16,0,68,61,102,111,110,116,107,82,159,167,176,125,142,110,67,51,27,10,10,4,0,0
30700185,건설임대,LH대구경북,안동옥동주공7단지,아파트,경상북도 안동시 옥서1길 25,910,69,89,204,224,162,153,99,95,274,208,199,175,214,123,90,56,48,21,12,3,0,0
30699578,건설임대,LH대구경북,안동옥동주공6단지,아파트,경상북도 안동시 옥서1길 46,996,104,120,303,287,219,257,130,96,370,254,245,196,211,149,107,69,49,28,9,0,1,0
30700184,건설임대,LH대구경북,옥동2주공아파트,아파트,경상북도 안동시 은행나무로 106-3,1164,11,13,26,39,76,70,42,66,52,87,144,146,215,211,214,100,134,44,35,4,0,1
30832082,매입임대,LH대구경북,매입다가구(경북안동시),다가구주택,경상북도 안동시 중평2길 17,0,0,0,0,1,2,3,0,1,0,4,1,1,2,1,0,0,0,0,0,0,0,0
31236373,매입임대,LH대구경북,매입다가구(경북안동시),다가구주택,경상북도 안동시 중평5길 26,0,0,1,0,0,4,1,4,2,0,2,1,0,0,1,0,1,0,0,0,0,0,0
30699630,매입임대(단지유형),LH대구경북,안동경신아파트,아파트,경상북도 안동시 풍산읍 어란안길 20-8,14,1,3,4,4,2,3,4,2,4,6,2,2,4,2,0,0,0,0,0,0,0,0
31051589,매입임대,LH대구경북,매입다가구(경북안동시),다가구주택,경상북도 안동시 풍산읍 장터중앙길 47-5,0,0,0,2,0,1,0,0,0,1,0,0,2,2,5,0,0,0,0,0,0,0,1
30819565,매입임대,LH대구경북,매입다가구(경북안동시),다가구주택,경상북도 안동시 합전3길 52,0,0,0,3,0,0,2,0,1,3,3,2,4,0,2,0,2,2,0,0,0,0,0
30965654,매입임대,LH대구경북,매입다가구(경북안동시),다가구주택,경상북도 안동시 합전4길 18,0,0,0,2,4,1,0,0,0,1,2,2,2,0,0,0,1,1,0,0,0,0,0
30997615,매입임대,LH대구경북,매입다가구(경북안동시),다가구주택,경상북도 안동시 황토마을1길 18-12,0,2,1,8,4,1,0,1,1,1,1,2,2,0,2,0,0,0,0,0,1,0,0
30997616,매입임대,LH대구경북,매입다가구(경북안동시),다가구주택,경상북도 안동시 황토마을1길 18-12,0,2,2,6,5,0,0,1,0,4,3,1,0,1,0,1,1,0,0,0,0,0,0
30700396,건설임대,LH대구경북,영양동부아파트,아파트,경상북도 영양군 영양읍 영양창수로 93,200,12,22,19,19,24,21,34,19,23,22,24,31,27,24,26,17,20,3,6,2,0,0
30700412,건설임대,LH대구경북,영주가흥4단지아파트,아파트,경상북도 영주시 가흥로 345-27,0,33,29,64,67,72,84,42,34,79,61,98,58,64,61,28,29,22,8,6,1,1,0
31057846,매입임대,LH대구경북,매입다가구(경북영주시),다가구주택,경상북도 영주시 구성로 204-3,0,3,0,1,1,4,3,0,0,2,3,2,0,1,1,0,0,0,0,0,0,0,0
31057839,매입임대,LH대구경북,매입다가구(경북영주시),다가구주택,경상북도 영주시 구성로 204-5,0,0,2,2,3,3,2,1,2,2,1,3,1,1,1,0,0,0,0,0,0,0,0
31057848,매입임대,LH대구경북,매입다가구(경북영주시),다가구주택,경상북도 영주시 구성로 204-7,0,1,0,5,4,3,2,0,0,6,4,1,2,0,1,0,0,0,0,0,0,0,0
31057843,매입임대,LH대구경북,매입다가구(경북영주시),다가구주택,경상북도 영주시 구성로 204-9,0,0,1,3,2,1,5,0,1,3,1,1,3,0,0,0,0,1,0,0,0,0,0
31057849,매입임대,LH대구경북,매입다가구(경북영주시),다가구주택,경상북도 영주시 구성로210번길 6,0,0,2,1,2,3,6,1,0,0,3,2,3,1,0,2,1,0,2,0,0,0,0
31099948,매입임대,LH대구경북,매입다가구(경북영주시),다가구주택,경상북도 영주시 구성로210번길 8-24,0,0,2,5,1,2,3,1,1,2,2,2,2,1,0,0,0,0,0,0,0,0,0
30990180,매입임대,LH대구경북,매입다가구(경북영주시),다가구주택,경상북도 영주시 대동로70번길 34,0,1,1,1,1,2,5,0,1,2,2,2,0,0,2,0,2,1,0,0,0,0,0
30701362,매입임대,LH대구경북,매입다가구(경북영주시),다가구주택,경상북도 영주시 대동로70번길 34-13,0,0,0,2,2,1,0,0,1,1,2,1,0,1,1,1,0,1,1,0,0,0,0
30700192,건설임대,LH대구경북,영주가흥주공,아파트,경상북도 영주시 대학로 130,1041,21,19,41,64,83,141,41,65,94,101,173,152,216,201,139,74,121,23,19,5,2,0
31111182,매입임대,LH대구경북,매입다가구(경북영주시),다가구주택,경상북도 영주시 대학로142번길 15-3,0,2,3,1,2,1,3,1,1,1,2,1,2,1,2,0,1,1,0,0,0,0,0
31036590,매입임대,LH대구경북,매입다가구(경북영주시),다가구주택,경상북도 영주시 대학로142번길 23-1,0,1,1,0,1,0,0,1,1,1,1,0,4,0,2,0,0,0,1,0,0,0,0
31036580,매입임대,LH대구경북,매입다가구(경북영주시),다가구주택,경상북도 영주시 대학로142번길 23-3,0,0,0,1,1,3,2,2,1,0,0,4,0,0,1,1,0,1,0,0,0,0,0
30832084,매입임대,LH대구경북,매입다가구(경북영주시),다가구주택,경상북도 영주시 대학로164번길 11-12,0,2,0,4,1,3,2,2,2,1,1,2,3,1,2,0,0,0,1,0,0,0,0
30832087,매입임대,LH대구경북,매입다가구(경북영주시),다가구주택,경상북도 영주시 대학로164번길 15-11,0,0,0,1,3,1,1,0,0,2,0,3,2,4,2,1,0,0,0,0,0,0,0
30701363,매입임대,LH대구경북,매입다가구(경북영주시),다가구주택,경상북도 영주시 대학로164번길 15-14,0,0,0,1,0,0,3,2,1,0,1,1,1,2,1,0,1,1,0,0,0,0,0
30701364,매입임대,LH대구경북,매입다가구(경북영주시),다가구주택,경상북도 영주시 대학로164번길 15-16,0,1,0,1,1,4,3,1,0,2,2,2,1,1,0,0,1,1,0,0,0,0,0
31236396,매입임대,LH대구경북,매입다가구(경북영주시),다가구주택,경상북도 영주시 목민로36번길 5,0,0,0,0,0,1,1,0,2,0,0,1,1,0,0,0,0,0,0,0,0,0,0
30699646,매입임대(단지유형),LH대구경북,영주장미마을아파트,아파트,경상북도 영주시 원당로275번길 31-1,29,1,3,3,6,11,15,4,7,7,6,7,6,5,2,3,4,1,0,0,0,0,0
30966446,매입임대,LH대구경북,매입다가구(경북영주시),다가구주택,경상북도 영주시 풍기읍 동성로57번길 18,0,0,2,0,1,3,2,0,0,2,4,2,1,1,0,1,0,0,0,0,0,0,0
30966454,매입임대,LH대구경북,매입다가구(경북영주시),다가구주택,경상북도 영주시 풍기읍 동성로57번길 18,0,1,2,4,1,0,0,1,1,5,3,1,2,1,1,0,0,0,0,0,0,0,0
30701550,매입임대,LH대구경북,매입다가구(경북영천시),다세대주택,경상북도 영천시 강남1길 8,0,2,4,6,4,2,2,1,0,3,5,3,2,0,0,0,0,0,0,0,0,0,0
30701551,매입임대,LH대구경북,매입다가구(경북영천시),다세대주택,경상북도 영천시 강남1길 8,0,5,1,5,1,1,0,3,1,3,4,0,2,2,0,0,0,0,0,0,0,0,0
31128854,매입임대(단지유형),LH대구경북,영천해피포유(공임),아파트,경상북도 영천시 고경면 방천길 30,60,3,4,4,7,0,7,3,2,6,2,4,2,5,1,2,0,1,1,1,0,0,0
30699643,매입임대(단지유형),LH대구경북,영천해피포유아파트,아파트,경상북도 영천시 고경면 방천길 30,28,6,5,4,3,3,6,10,5,7,4,2,7,5,1,0,4,1,0,0,0,0,0
31041042,매입임대,LH대구경북,매입다가구(경북영천시),다가구주택,경상북도 영천시 구읍3길 44-6,0,1,0,0,1,0,3,0,1,1,0,0,0,2,1,0,0,1,0,0,0,0,0
31021249,매입임대,LH대구경북,매입다가구(경북영천시),다가구주택,경상북도 영천시 담안9길 12,0,0,0,0,0,1,2,0,2,1,0,4,1,2,6,1,0,0,0,0,0,0,0
30700364,건설임대,LH대구경북,영천망정휴먼시아5단지,아파트,경상북도 영천시 망정로 80,603,43,37,74,97,90,98,80,60,121,97,140,112,102,67,50,29,26,13,6,0,1,0
31116158,매입임대,LH대구경북,매입다가구(경북영천시),다가구주택,경상북도 영천시 숭렬당길 49,0,0,0,1,1,0,0,0,4,2,1,2,2,2,1,1,2,0,0,0,0,0,0
31041047,매입임대,LH대구경북,매입다가구(경북영천시),다가구주택,경상북도 영천시 오수2길 17,0,0,0,2,1,0,0,0,0,1,2,3,1,3,1,0,1,0,0,0,0,0,0
31236392,매입임대,LH대구경북,매입다가구(경북영천시),다가구주택,경상북도 영천시 운동장로 39,0,0,0,0,0,0,0,0,0,0,1,2,0,0,0,0,0,0,0,0,0,0,0
31236374,매입임대,LH대구경북,매입다가구(경북영천시),다가구주택,경상북도 영천시 운동장로 39-1,0,0,0,0,0,0,0,0,1,0,2,0,0,0,0,0,0,0,0,0,0,0,0
31236391,매입임대,LH대구경북,매입다가구(경북영천시),다가구주택,경상북도 영천시 운동장로 39-2,0,0,0,0,0,0,0,0,0,0,0,0,1,0,0,0,0,0,0,0,0,0,0
31166083,매입임대,LH대구경북,매입다가구(경북영천시),다가구주택,경상북도 영천시 창신길 119,0,0,1,0,0,1,0,1,2,1,1,1,2,2,0,1,1,0,0,0,0,0,0
31010332,매입임대,LH대구경북,매입다가구(경북영천시),다세대주택,경상북도 영천시 창신길 134,0,1,1,0,4,1,1,1,0,1,4,1,0,0,0,1,0,0,0,0,0,0,0
31010331,매입임대,LH대구경북,매입다가구(경북영천시),다세대주택,경상북도 영천시 창신길 136,0,0,1,1,2,2,1,1,0,1,0,3,2,1,1,0,0,0,1,0,0,0,0
31166091,매입임대,LH대구경북,매입다가구(경북영천시),다가구주택,경상북도 영천시 청솔길 20,0,1,1,0,0,0,0,2,2,0,2,0,0,0,0,0,0,0,0,0,0,0,0
31166094,매입임대,LH대구경북,매입다가구(경북영천시),다가구주택,경상북도 영천시 청솔길 22,0,1,0,0,2,0,0,1,0,0,0,0,0,0,0,0,0,0,0,0,0,0,0
31166077,매입임대,LH대구경북,매입다가구(경북영천시),다가구주택,경상북도 영천시 청솔길 24,0,0,0,0,0,3,0,0,0,0,2,0,0,2,0,1,0,0,0,0,0,0,4
30852814,매입임대,LH대구경북,매입다가구(경북영천시),다세대주택,경상북도 영천시 청솔길 6,0,1,3,2,1,1,1,1,0,3,3,1,1,1,0,1,0,0,0,0,0,0,0
31041041,매입임대,LH대구경북,매입다가구(경북영천시),다가구주택,경상북도 영천시 충혼탑1길 54,0,0,0,2,0,0,0,0,1,0,2,1,3,3,1,1,1,1,0,0,1,0,0
31116159,매입임대,LH대구경북,매입다가구(경북영천시),다가구주택,경상북도 영천시 충혼탑1길 56-12,0,1,0,0,0,0,0,1,4,1,2,0,0,2,3,0,1,0,0,0,0,0,0
30700190,건설임대,LH대구경북,영천야사4,아파트,경상북도 영천시 충효로 147,447,2,1,21,25,29,34,8,11,21,10,53,48,81,76,83,41,70,23,8,3,0,0
31274643,건설임대,LH대구경북,영천문외지구,아파트,경상북도 영천시 충효로 39,610,3,2,3,5,15,26,20,20,13,17,22,22,11,14,2,3,4,0,0,2,0,0
30700191,건설임대,LH대구경북,영천문내주공,아파트,경상북도 영천시 충효로 9,506,28,30,129,142,141,134,61,39,146,98,169,119,102,95,50,33,21,15,7,0,0,0
30699648,매입임대(단지유형),LH대구경북,예천덕흥장미아파트,아파트,경상북도 예천군 예천읍 대심1길 19,13,0,0,4,9,4,2,2,2,7,2,3,2,2,0,0,0,1,0,1,0,0,0
30699564,건설임대,LH대구경북,예천대심주공아파트,아파트,경상북도 예천군 예천읍 봉덕로 52,355,29,34,91,125,42,50,60,33,92,78,71,68,72,62,45,37,30,14,9,2,0,0
31111971,건설임대,LH대구경북,울릉천부LH천년나무,아파트,경상북도 울릉군 북면 천부길 53-14,16,0,1,0,1,1,0,1,1,0,0,1,3,8,3,2,3,0,1,1,0,0,0
31111970,건설임대,LH대구경북,울릉남서LH천년나무,아파트,경상북도 울릉군 서면 남서길 25-59,22,0,0,0,0,1,0,1,6,0,2,1,3,8,5,2,5,2,2,0,0,0,0
30700199,건설임대,LH대구경북,울릉저동휴먼시아,아파트,경상북도 울릉군 울릉읍 봉래길 176,71,4,5,13,7,11,9,4,4,16,18,15,13,12,18,14,7,1,1,0,0,1,0
31243406,건설임대,LH대구경북,울릉도동LH천년나무,아파트,경상북도 울릉군 울릉읍 울릉순환로 333,72,6,9,9,9,7,6,7,6,9,9,12,11,11,11,3,7,5,3,0,0,0,0
31128723,매입임대(단지유형),LH대구경북,울진이안아파트,아파트,경상북도 울진군 울진읍 새마실5길 93,120,0,0,0,1,0,1,0,0,1,0,0,1,0,0,0,0,0,0,0,0,0,0
31128724,매입임대(단지유형),LH대구경북,울진이안아파트,아파트,경상북도 울진군 울진읍 새마실5길 93,120,0,0,0,0,0,0,0,0,0,0,0,0,1,1,0,0,0,0,0,0,0,0
31128745,매입임대(단지유형),LH대구경북,울진이안아파트,아파트,경상북도 울진군 울진읍 새마실5길 93,120,0,0,0,0,0,0,0,0,1,0,0,0,0,0,0,0,0,0,0,0,0,0
31128801,매입임대(단지유형),LH대구경북,울진이안아파트,아파트,경상북도 울진군 울진읍 새마실5길 93,120,1,1,5,7,2,2,1,0,3,3,1,1,0,0,0,0,0,0,0,0,0,0
31128825,매입임대(단지유형),LH대구경북,울진이안아파트,아파트,경상북도 울진군 울진읍 새마실5길 93,120,0,0,2,3,0,0,0,0,2,1,0,0,0,0,0,0,0,0,0,0,0,0
30699665,건설임대,LH대구경북,울진읍내휴먼시아,아파트,경상북도 울진군 울진읍 월변2길 56-21,280,15,27,59,64,42,73,21,27,73,49,71,57,51,38,34,17,21,10,5,1,0,0
30699684,매입임대(단지유형),LH대구경북,울진윤준비치아트빌,아파트,경상북도 울진군 죽변면 죽변북로 87,85,13,10,29,28,16,28,9,7,37,33,24,21,15,11,4,4,3,1,0,1,0,0
30700293,건설임대,LH대구경북,의성상리휴먼시아,아파트,경상북도 의성군 의성읍 동서1길 114,408,25,33,50,61,43,63,48,34,77,69,93,73,67,56,50,27,34,9,5,3,0,0
30699789,건설임대,LH대구경북,청도범곡 휴먼시아,아파트,경상북도 청도군 화양읍 범곡길 3-11,354,13,19,61,69,43,60,32,30,64,57,79,77,66,41,40,28,25,6,6,3,0,0
30699479,매입임대(단지유형),LH대구경북,청송청솔타운,아파트,경상북도 청송군 진보면 진보로 55,132,5,1,4,4,7,10,12,12,8,12,11,13,22,14,7,9,5,0,1,0,0,0
31263528,건설임대,LH대구경북,청송각산 1블록,아파트,경상북도 청송군 진보면 체육공원로 52-11,80,2,1,6,1,5,10,6,13,8,7,10,11,9,6,6,9,2,3,0,0,0,0
31263525,건설임대,LH대구경북,청송각산 1블록 영구임대,아파트,경상북도 청송군 진보면 체육공원로 52-11,232,1,0,0,1,0,1,0,0,1,1,0,2,1,1,2,2,0,0,0,0,0,0
30699595,매입임대(단지유형),LH대구경북,진우하이츠아파트,아파트,경상북도 청송군 청송읍 길안청송로 1657,203,28,16,26,14,25,23,31,41,33,38,22,38,20,18,20,15,9,6,1,2,0,0
30700179,건설임대,LH대구경북,북삼휴먼시아,아파트,경상북도 칠곡군 북삼읍 북삼로 200,326,51,35,134,125,62,77,51,35,141,127,67,65,37,26,23,14,5,4,2,0,0,0
30701158,매입임대,LH대구경북,매입다가구(경북칠곡군),다가구주택,경상북도 칠곡군 석적읍 남중리2길 36-16,0,2,2,1,0,0,0,1,1,2,4,0,1,0,0,1,3,0,0,0,0,0,7
30701159,매입임대,LH대구경북,매입다가구(경북칠곡군),다가구주택,경상북도 칠곡군 석적읍 남중리2길 70-4,0,1,0,1,1,0,0,2,2,2,4,1,0,0,0,0,0,0,0,0,0,0,7
30832088,매입임대,LH대구경북,매입다가구(경북칠곡군),다가구주택,경상북도 칠곡군 석적읍 남중리7길 13,0,0,1,0,1,0,3,2,3,3,3,0,0,0,1,2,1,0,0,0,0,0,1
30701160,매입임대,LH대구경북,매입다가구(경북칠곡군),다가구주택,경상북도 칠곡군 석적읍 북중리13길 40-10,0,0,1,1,2,1,2,2,2,3,3,2,0,0,1,3,0,0,0,0,0,0,3
30830944,매입임대,LH대구경북,매입다가구(경북칠곡군),다가구주택,경상북도 칠곡군 석적읍 북중리2길 25-6,0,0,0,0,0,0,0,2,4,0,3,0,0,0,0,0,1,0,0,0,0,0,6
30832083,매입임대,LH대구경북,매입다가구(경북칠곡군),다가구주택,경상북도 칠곡군 석적읍 북중리2길 47,0,0,0,1,2,0,1,2,1,2,2,1,1,1,0,0,1,0,0,0,0,0,3
30830943,매입임대,LH대구경북,매입다가구(경북칠곡군),다가구주택,경상북도 칠곡군 석적읍 북중리2길 9,0,0,0,0,3,1,2,1,2,1,3,2,1,0,1,0,1,0,0,0,0,0,1
30701161,매입임대,LH대구경북,매입다가구(경북칠곡군),다가구주택,경상북도 칠곡군 석적읍 북중리2길 9-25,0,1,3,1,2,1,0,3,4,2,0,0,0,3,1,8,0,0,0,0,0,0,0
30700173,건설임대,LH대구경북,왜관휴먼시아4단지,아파트,경상북도 칠곡군 왜관읍 관문로1길 24,528,45,69,66,71,41,63,66,47,122,130,92,88,69,58,42,29,39,12,2,2,0,0
30701162,매입임대,LH대구경북,매입다가구(경북칠곡군),다가구주택,경상북도 칠곡군 왜관읍 달오2길 74,0,3,0,1,0,3,2,2,1,1,0,1,3,2,2,2,2,0,0,0,0,0,0
30700174,건설임대,LH대구경북,칠곡왜관주공2단지,아파트,경상북도 칠곡군 왜관읍 자조1길 10,480,26,30,100,121,128,137,50,62,149,94,151,125,112,90,49,23,31,14,4,3,0,0
30700175,건설임대,LH대구경북,칠곡왜관주공3단지,아파트,경상북도 칠곡군 왜관읍 평장7길 11,631,102,94,194,221,126,151,133,92,237,150,159,155,101,81,46,21,30,14,6,5,0,0
30704096,매입임대,LH대구경북,매입다가구(경북포항시),다가구주택,경상북도 포항시 남구 대이로1번길 30,0,0,0,1,1,0,3,0,1,2,1,1,2,0,3,0,0,0,0,0,0,0,0
30699697,매입임대(단지유형),LH대구경북,포항우성한빛타운아파트,아파트,경상북도 포항시 남구 동해안로5876번길 6,139,0,1,0,2,3,1,2,2,2,4,5,9,6,6,9,7,6,1,1,0,0,0
30699698,매입임대(단지유형),LH대구경북,포항우성한빛타운아파트,아파트,경상북도 포항시 남구 동해안로5876번길 6,139,2,0,10,13,7,10,4,7,11,12,15,12,11,11,9,6,5,2,0,0,0,0
30704102,매입임대,LH대구경북,매입다가구(경북포항시),다가구주택,경상북도 포항시 남구 문예로126번길 7-11,0,0,1,1,2,2,2,2,1,1,0,2,4,3,4,1,0,0,0,0,0,0,0
31241965,매입임대,LH대구경북,매입다가구(경북포항시),다가구주택,경상북도 포항시 남구 문예로152번길 2,0,1,0,0,0,2,0,0,1,0,0,2,1,0,0,0,0,0,0,0,0,0,0
30849052,매입임대,LH대구경북,매입다가구(경북포항시),다가구주택,경상북도 포항시 남구 문예로40번길 20-1,0,0,0,1,1,0,1,0,1,1,2,0,2,1,3,0,1,1,0,1,0,0,0
30704103,매입임대,LH대구경북,매입다가구(경북포항시),다가구주택,경상북도 포항시 남구 문예로40번길 26,0,0,0,1,0,2,2,0,0,2,0,2,1,0,4,2,0,1,0,0,0,0,0
30704104,매입임대,LH대구경북,매입다가구(경북포항시),다가구주택,경상북도 포항시 남구 문예로40번길 26,0,0,0,0,0,0,0,0,0,0,0,0,0,3,1,0,2,1,0,0,0,1,0
30704105,매입임대,LH대구경북,매입다가구(경북포항시),다가구주택,경상북도 포항시 남구 문예로40번길 26,0,0,0,3,0,3,0,1,2,1,2,3,2,2,1,0,0,1,1,0,0,0,0
30700922,매입임대(단지유형),LH대구경북,아름들이,다세대주택,경상북도 포항시 남구 문예로70번길 11,448,0,0,2,3,0,0,1,0,4,3,0,0,4,1,0,0,0,0,0,0,0,0
30700923,매입임대(단지유형),LH대구경북,아름들이,다세대주택,경상북도 포항시 남구 문예로70번길 13-7,448,1,1,1,0,3,2,1,1,3,2,2,1,1,1,1,0,0,0,0,0,0,0
30700924,매입임대(단지유형),LH대구경북,아름들이,다세대주택,경상북도 포항시 남구 문예로82번길 14-10,448,1,1,0,2,0,3,2,2,3,1,0,0,0,1,1,2,0,0,0,0,0,0
30700925,매입임대(단지유형),LH대구경북,아름들이,다세대주택,경상북도 포항시 남구 문예로82번길 14-13,448,1,1,1,1,3,2,2,0,2,1,1,2,2,0,1,0,0,0,0,0,0,0
30700926,매입임대(단지유형),LH대구경북,아름들이,다세대주택,경상북도 포항시 남구 문예로82번길 14-5,448,1,2,1,0,1,1,2,1,1,3,3,3,1,1,0,0,0,0,0,0,0,0
30700927,매입임대(단지유형),LH대구경북,아름들이,다세대주택,경상북도 포항시 남구 문예로82번길 14-8,448,1,2,0,0,2,0,2,1,2,2,2,0,1,1,0,1,1,0,1,0,0,0
30700928,매입임대(단지유형),LH대구경북,아름들이,다세대주택,경상북도 포항시 남구 문예로82번길 14-9,448,0,0,0,3,2,1,2,0,2,2,1,1,3,1,0,0,0,0,0,0,0,0
30700929,매입임대(단지유형),LH대구경북,아름들이,다세대주택,경상북도 포항시 남구 문예로82번길 16,448,2,0,3,0,2,1,0,2,5,0,1,1,2,0,1,0,0,0,0,0,0,0
30700930,매입임대(단지유형),LH대구경북,아름들이,다세대주택,경상북도 포항시 남구 문예로82번길 20-10,448,1,5,2,1,0,1,4,2,2,1,1,0,1,2,1,1,0,0,0,0,0,0
30700931,매입임대(단지유형),LH대구경북,아름들이,다세대주택,경상북도 포항시 남구 문예로82번길 20-8,448,1,0,0,0,3,1,2,1,1,1,3,1,0,1,1,1,1,0,0,0,0,0
31241960,매입임대,LH대구경북,매입다가구(경북포항시),다가구주택,경상북도 포항시 남구 문예로82번길 28-9,0,0,0,0,0,1,0,2,7,0,1,0,1,0,0,0,0,0,0,0,0,0,0
30704106,매입임대,LH대구경북,매입다가구(경북포항시),다가구주택,경상북도 포항시 남구 문예로82번길 29,0,0,0,0,1,0,0,0,2,1,1,0,1,2,1,2,2,0,0,0,0,0,0
30704107,매입임대,LH대구경북,매입다가구(경북포항시),다가구주택,경상북도 포항시 남구 문예로82번길 31,0,0,0,0,0,0,1,1,0,0,1,1,2,3,2,0,1,0,0,0,0,0,0
30849064,매입임대,LH대구경북,매입다가구(경북포항시),다가구주택,경상북도 포항시 남구 상공로104번길 33,0,0,0,0,1,3,2,0,1,1,1,2,4,1,1,0,3,0,0,0,0,0,0
30704108,매입임대,LH대구경북,매입다가구(경북포항시),다가구주택,경상북도 포항시 남구 상공로18번길 67,0,0,0,3,0,0,0,0,1,1,1,1,1,4,1,2,0,0,0,0,0,0,0
30704109,매입임대,LH대구경북,매입다가구(경북포항시),다가구주택,경상북도 포항시 남구 상공로222번길 7-5,0,0,0,1,1,0,0,1,0,1,1,0,1,2,6,3,0,0,0,0,0,0,0
30704110,매입임대,LH대구경북,매입다가구(경북포항시),다가구주택,경상북도 포항시 남구 상공로246번길 20-2,0,1,1,0,2,2,4,1,1,3,0,1,1,1,4,0,0,0,0,0,0,0,0
30704111,매입임대,LH대구경북,매입다가구(경북포항시),다가구주택,경상북도 포항시 남구 새천년대로422번길 17-5,0,0,0,2,1,0,1,0,0,1,1,0,1,2,3,1,1,1,1,0,0,0,0
30852816,매입임대,LH대구경북,매입다가구(경북포항시),다가구주택,경상북도 포항시 남구 새천년대로460번길 6-10,0,0,0,0,0,2,0,2,2,0,1,4,4,2,1,2,2,0,0,0,0,0,0
30704112,매입임대,LH대구경북,매입다가구(경북포항시),다가구주택,경상북도 포항시 남구 양학천로136번길 9-12,0,0,1,0,0,0,0,1,2,2,1,0,1,2,4,2,1,1,0,0,0,0,0
30704113,매입임대,LH대구경북,매입다가구(경북포항시),다가구주택,경상북도 포항시 남구 양학천로150번길 45,0,0,1,0,1,1,0,1,0,0,0,2,1,1,6,2,0,0,0,0,0,0,0
30704114,매입임대,LH대구경북,매입다가구(경북포항시),다가구주택,경상북도 포항시 남구 양학천로150번길 67,0,0,0,0,1,2,1,1,1,1,0,3,3,4,1,0,0,0,0,0,0,0,1
30699431,매입임대(단지유형),LH대구경북,대궁빌라,아파트,경상북도 포항시 남구 연일읍 동문로40번길 43,48,0,2,2,2,0,6,3,2,2,3,5,4,3,7,1,1,3,0,0,0,0,0
30704097,매입임대,LH대구경북,매입다가구(경북포항시),다가구주택,경상북도 포항시 남구 연일읍 동문로53번길 75-14,0,0,0,0,0,1,1,0,2,1,0,1,2,6,1,2,1,1,0,0,0,0,0
30704098,매입임대,LH대구경북,매입다가구(경북포항시),다가구주택,경상북도 포항시 남구 연일읍 동문로53번길 75-6,0,1,0,2,0,2,2,1,4,0,0,1,0,5,3,3,3,0,1,0,1,0,0
30704099,매입임대,LH대구경북,매입다가구(경북포항시),다가구주택,경상북도 포항시 남구 연일읍 동문로53번길 75-8,0,2,0,4,0,3,3,1,1,2,3,4,2,1,0,3,0,0,1,1,1,0,0
30704115,매입임대,LH대구경북,매입다가구(경북포항시),다가구주택,경상북도 포항시 남구 연일읍 연일로199번길 4-10,0,0,0,2,1,1,2,1,1,2,1,1,3,3,3,2,2,0,0,0,0,0,0
30700932,매입임대(단지유형),LH대구경북,아름들이,다세대주택,경상북도 포항시 남구 연일읍 유강길9번길 18,448,2,0,5,4,3,1,5,4,5,3,2,1,2,1,0,0,0,0,0,0,0,0
30700933,매입임대(단지유형),LH대구경북,아름들이,연립주택,경상북도 포항시 남구 연일읍 유강길9번길 24,448,6,2,4,0,1,2,9,4,7,2,4,3,1,1,1,2,0,0,0,0,0,0
30700934,매입임대(단지유형),LH대구경북,아름들이,다세대주택,경상북도 포항시 남구 연일읍 유강길9번길 50-3,448,0,1,4,2,2,0,2,1,1,0,2,2,1,0,0,0,0,0,0,0,0,0
30700935,매입임대(단지유형),LH대구경북,아름들이,다세대주택,경상북도 포항시 남구 연일읍 유강길9번길 50-3,448,2,1,3,3,0,0,4,1,1,3,2,0,0,0,0,0,0,0,0,0,0,0
30699434,매입임대(단지유형),LH대구경북,포항대궁꿈마을,아파트,경상북도 포항시 남구 오천읍 냉천로 340,0,3,9,9,8,0,1,4,1,10,5,1,4,1,2,1,1,0,0,0,0,0,0
30704094,매입임대,LH대구경북,매입다가구(경북포항시),다가구주택,경상북도 포항시 남구 오천읍 냉천로284번길 49,0,0,0,0,3,3,3,0,1,0,0,3,2,3,4,2,2,1,0,0,0,0,0
30704095,매입임대,LH대구경북,매입다가구(경북포항시),다가구주택,경상북도 포항시 남구 오천읍 냉천로284번길 49,0,0,0,2,1,2,1,1,0,2,0,2,1,1,3,3,1,1,0,0,0,0,0
30699621,매입임대(단지유형),LH대구경북,포항태웅하이츠,아파트,경상북도 포항시 남구 오천읍 문덕로12번길 23,6,0,3,1,1,1,0,3,2,1,1,1,1,0,1,1,0,0,0,0,0,0,0
30704100,매입임대,LH대구경북,매입다가구(경북포항시),다가구주택,경상북도 포항시 남구 오천읍 문덕로12번길 6-2,0,0,0,0,0,3,2,0,0,0,0,1,0,3,2,1,2,0,0,0,0,0,0
31241955,매입임대,LH대구경북,매입다가구(경북포항시),다가구주택,경상북도 포항시 남구 오천읍 문덕로37번길 16,0,0,0,0,0,0,0,0,1,1,1,1,3,1,2,0,2,0,0,0,0,0,2
30704101,매입임대,LH대구경북,매입다가구(경북포항시),다가구주택,경상북도 포항시 남구 오천읍 문덕로53번길 23,0,0,0,1,2,1,4,1,0,1,1,4,1,1,0,1,0,0,1,0,0,0,0
30699626,매입임대(단지유형),LH대구경북,포항보광그린파크,아파트,경상북도 포항시 남구 오천읍 오어로 303,174,6,11,19,11,5,17,7,10,18,15,19,23,29,19,9,7,10,3,0,0,0,0
30704125,매입임대,LH대구경북,매입다가구(경북포항시),다가구주택,경상북도 포항시 남구 오천읍 철강로713번길 19-6,0,1,0,1,5,1,2,2,0,2,0,0,4,1,2,0,1,2,0,0,0,0,0
30704126,매입임대,LH대구경북,매입다가구(경북포항시),다가구주택,경상북도 포항시 남구 오천읍 철강로713번길 8-6,0,0,0,2,0,1,1,0,0,1,0,0,2,2,3,0,1,2,0,0,0,0,0
30856009,매입임대,LH대구경북,매입다가구(경북포항시),다가구주택,경상북도 포항시 남구 오천읍 철강로723번길 22,0,1,0,1,2,2,0,0,2,0,1,7,1,0,4,1,1,0,0,2,0,0,2
31241961,매입임대,LH대구경북,매입다가구(경북포항시),다가구주택,경상북도 포항시 남구 오천읍 철강로731번길 21,0,1,0,0,0,1,1,1,2,1,1,0,2,0,0,0,0,0,0,0,0,0,0
31128722,매입임대(단지유형),LH대구경북,송도세잔베르체아파트,아파트,경상북도 포항시 남구 운하로 136,43,0,2,1,0,2,0,0,0,1,0,1,1,0,1,0,0,0,0,0,0,0,0
31128800,매입임대(단지유형),LH대구경북,송도세잔베르체아파트,아파트,경상북도 포항시 남구 운하로 136,43,1,1,4,1,0,0,2,1,2,3,1,0,4,0,0,0,0,0,0,0,0,0
30704116,매입임대,LH대구경북,매입다가구(경북포항시),다가구주택,경상북도 포항시 남구 정몽주로847번길 20,0,0,1,0,0,0,2,1,0,0,2,1,4,1,2,3,1,0,1,0,0,0,0
30704117,매입임대,LH대구경북,매입다가구(경북포항시),다가구주택,경상북도 포항시 남구 정몽주로847번길 9,0,0,0,0,0,0,1,0,1,0,0,1,4,0,3,2,2,1,1,0,0,0,1
30704118,매입임대,LH대구경북,매입다가구(경북포항시),다가구주택,경상북도 포항시 남구 정몽주로861번길 9-6,0,0,0,1,1,3,2,0,0,2,0,0,2,2,2,2,0,3,0,0,0,0,0
30853498,매입임대,LH대구경북,매입다가구(경북포항시),다가구주택,경상북도 포항시 남구 중앙로 121-10,0,0,0,0,0,2,1,1,0,0,1,3,6,2,4,0,0,0,0,0,0,0,0
31128692,매입임대(단지유형),LH대구경북,포항보운메트로타워,아파트,경상북도 포항시 남구 중앙로121번길 10,24,1,0,3,5,0,3,1,1,5,3,2,0,5,1,2,2,0,1,0,0,0,0
30704119,매입임대,LH대구경북,매입다가구(경북포항시),다가구주택,경상북도 포항시 남구 중앙로12번길 8-8,0,0,0,1,2,2,2,0,0,1,1,0,2,2,4,1,0,0,0,1,0,0,0
31241949,매입임대,LH대구경북,매입다가구(경북포항시),다가구주택,경상북도 포항시 남구 중앙로147번길 19-2,0,0,0,0,0,0,0,0,2,0,0,1,2,2,2,0,1,0,0,0,0,0,2
30849863,매입임대,LH대구경북,매입다가구(경북포항시),다가구주택,경상북도 포항시 남구 중앙로41번길 27-2,0,0,1,0,1,0,2,1,0,2,1,0,0,3,1,0,0,0,0,0,0,0,0
30851765,매입임대,LH대구경북,매입다가구(경북포항시),다가구주택,경상북도 포항시 남구 중앙로41번길 6-10,0,0,0,1,0,1,2,0,1,1,1,3,2,1,4,1,3,0,0,0,0,0,0
30704120,매입임대,LH대구경북,매입다가구(경북포항시),다가구주택,경상북도 포항시 남구 중앙로42번길 12-1,0,0,0,0,0,0,0,0,0,0,0,1,1,1,3,1,2,0,0,0,0,0,1
30704121,매입임대,LH대구경북,매입다가구(경북포항시),다가구주택,경상북도 포항시 남구 중앙로42번길 13,0,0,0,0,0,0,2,0,0,1,1,0,2,3,4,1,0,0,0,0,0,0,0
30704122,매입임대,LH대구경북,매입다가구(경북포항시),다가구주택,경상북도 포항시 남구 중앙로77번길 6-4,0,0,1,0,3,0,1,0,0,1,2,3,2,1,1,1,2,1,2,1,0,0,0
30704123,매입임대,LH대구경북,매입다가구(경북포항시),다가구주택,경상북도 포항시 남구 중흥로100번길 7-3,0,0,0,2,3,4,2,2,0,2,1,5,4,1,2,1,0,2,0,0,0,0,0
30704124,매입임대,LH대구경북,매입다가구(경북포항시),다가구주택,경상북도 포항시 남구 중흥로100번길 7-9,0,0,0,1,1,2,1,0,0,3,1,0,0,3,0,2,2,1,1,0,0,0,0
30852810,매입임대,LH대구경북,매입다가구(경북포항시),다가구주택,경상북도 포항시 남구 중흥로162번길 33,0,1,0,0,0,6,1,1,1,2,2,2,1,2,2,2,0,1,0,0,0,0,0
30700936,매입임대(단지유형),LH대구경북,아름들이,다세대주택,경상북도 포항시 남구 효성로15번길 27-10,448,3,2,0,2,1,4,2,3,2,1,3,1,2,1,0,0,0,0,0,0,0,0
30700937,매입임대(단지유형),LH대구경북,아름들이,다세대주택,경상북도 포항시 남구 효성로15번길 27-14,448,1,0,0,0,0,1,2,2,2,1,2,0,0,0,0,0,0,0,0,0,0,0
30700938,매입임대(단지유형),LH대구경북,아름들이,다세대주택,경상북도 포항시 남구 효성로15번길 27-18,448,0,1,2,0,2,0,2,2,1,2,0,0,2,1,1,0,1,0,0,0,0,0
30700939,매입임대(단지유형),LH대구경북,아름들이,다세대주택,경상북도 포항시 남구 효성로15번길 27-6,448,1,3,1,0,2,1,4,2,1,2,2,1,0,0,0,0,0,0,0,0,0,0
30700940,매입임대(단지유형),LH대구경북,아름들이,다세대주택,경상북도 포항시 남구 효성로43번길 11,448,4,1,3,1,0,1,4,0,2,4,1,0,0,1,0,0,0,0,0,0,0,0
30700941,매입임대(단지유형),LH대구경북,아름들이,다세대주택,경상북도 포항시 남구 효성로43번길 7,448,1,2,0,0,0,0,3,0,1,1,1,0,2,2,0,0,0,0,0,0,0,0
30700942,매입임대(단지유형),LH대구경북,아름들이,다세대주택,경상북도 포항시 남구 효성로43번길 9,448,3,4,1,1,0,1,2,1,4,1,1,1,0,0,0,0,0,0,0,0,0,0
30704093,매입임대,LH대구경북,매입다가구(경북포항시),다가구주택,경상북도 포항시 남구 희망대로 879-2,0,2,2,4,0,1,4,2,0,3,2,3,2,1,0,0,0,1,0,0,0,0,0
30700943,매입임대(단지유형),LH대구경북,아름들이,다세대주택,경상북도 포항시 북구 대곡로 56-4,448,0,3,1,2,1,1,4,2,1,2,2,1,0,1,0,0,0,0,0,0,0,0
30700944,매입임대(단지유형),LH대구경북,아름들이,다세대주택,경상북도 포항시 북구 대곡로 56-8,448,6,4,3,1,1,0,4,2,2,3,0,1,1,0,0,0,0,0,0,0,0,0
31241943,매입임대,LH대구경북,매입다가구(경북포항시),다가구주택,경상북도 포항시 북구 두호로37번길 10-12,0,0,0,0,0,0,0,1,2,0,0,1,0,0,3,0,0,0,0,0,0,0,0
30700945,매입임대(단지유형),LH대구경북,아름들이,다세대주택,경상북도 포항시 북구 법원로 91-12,448,1,2,1,3,3,0,0,1,3,2,2,1,1,1,1,0,0,0,0,0,0,0
30704127,매입임대,LH대구경북,매입다가구(경북포항시),다가구주택,경상북도 포항시 북구 법원로112번길 12-16,0,0,0,2,0,0,0,0,0,1,0,0,3,3,3,2,1,0,0,0,0,0,1
30704146,매입임대,LH대구경북,매입다가구(경북포항시),다가구주택,경상북도 포항시 북구 법원로112번길 38,0,0,0,0,0,0,0,0,0,0,0,1,1,0,2,1,2,1,0,0,0,0,2
30704128,매입임대,LH대구경북,매입다가구(경북포항시),다가구주택,경상북도 포항시 북구 법원로112번길 40,0,0,0,2,0,1,0,1,1,0,1,0,1,3,3,0,4,0,1,0,0,0,0
30704129,매입임대,LH대구경북,매입다가구(경북포항시),다가구주택,경상북도 포항시 북구 법원로115번길 29,0,2,0,2,1,3,5,2,2,2,0,4,3,0,1,1,1,1,0,0,0,0,0
30704130,매입임대,LH대구경북,매입다가구(경북포항시),다가구주택,경상북도 포항시 북구 법원로116번길 46,0,0,0,1,1,0,0,0,0,2,0,0,2,0,1,2,1,2,0,0,0,0,1
30704131,매입임대,LH대구경북,매입다가구(경북포항시),다가구주택,경상북도 포항시 북구 법원로39번길 23-6,0,0,0,0,0,0,1,0,2,0,1,2,2,1,0,2,0,0,1,0,0,0,0
30704132,매입임대,LH대구경북,매입다가구(경북포항시),다가구주택,경상북도 포항시 북구 법원로97번길 23-1,0,0,0,0,2,3,0,0,0,1,0,0,4,0,1,3,2,0,1,0,0,0,0
30704147,매입임대,LH대구경북,매입다가구(경북포항시),다가구주택,경상북도 포항시 북구 삼호로245번길 13,0,0,0,2,3,0,2,1,0,0,1,1,1,2,2,2,1,2,0,0,0,0,0
30700949,매입임대(단지유형),LH대구경북,아름들이,다세대주택,경상북도 포항시 북구 삼흥로100번길 56,448,0,0,0,0,0,1,2,0,1,0,0,0,1,1,0,1,1,0,0,0,0,0
30700950,매입임대(단지유형),LH대구경북,아름들이,다세대주택,경상북도 포항시 북구 삼흥로100번길 56,448,0,2,0,0,0,0,1,0,1,2,1,0,1,0,1,0,0,0,0,0,0,0
30700951,매입임대(단지유형),LH대구경북,아름들이,다세대주택,경상북도 포항시 북구 삼흥로100번길 56,448,0,1,0,0,0,1,1,1,3,2,2,2,1,1,1,0,0,0,0,0,0,0
30700187,건설임대,LH대구경북,창포주공1단지,아파트,경상북도 포항시 북구 새천년대로1075번길 10,984,1,5,10,21,55,77,28,48,35,61,139,132,233,194,169,106,88,29,23,3,0,0
30849864,매입임대,LH대구경북,매입다가구(경북포항시),다가구주택,경상북도 포항시 북구 서동로105번길 7,0,0,0,2,1,1,0,0,3,2,1,1,2,1,3,1,0,1,0,0,0,0,0
30704148,매입임대,LH대구경북,매입다가구(경북포항시),다가구주택,경상북도 포항시 북구 서동로107번길 11,0,1,0,0,0,2,1,0,1,1,0,2,0,5,2,1,1,0,0,0,0,0,0
31241954,매입임대,LH대구경북,매입다가구(경북포항시),다가구주택,경상북도 포항시 북구 서동로47번길 16,0,2,0,0,1,2,2,1,3,2,0,0,0,1,1,0,1,0,0,0,0,0,0
30852817,매입임대,LH대구경북,매입다가구(경북포항시),다가구주택,경상북도 포항시 북구 서동로91번길 8,0,0,0,0,1,0,1,1,0,0,1,2,0,3,2,1,2,0,1,0,0,0,0
31241939,매입임대,LH대구경북,매입다가구(경북포항시),다가구주택,경상북도 포항시 북구 선착로 24,0,0,0,0,0,1,0,1,0,0,0,0,0,1,1,1,0,0,0,1,0,0,0
30700946,매입임대(단지유형),LH대구경북,아름들이,다세대주택,경상북도 포항시 북구 아치로 77,448,4,4,0,0,1,2,5,7,3,2,2,0,4,2,1,1,0,0,0,0,0,0
30700947,매입임대(단지유형),LH대구경북,아름들이,다세대주택,경상북도 포항시 북구 아치로 77-1,448,0,2,0,1,0,1,2,0,1,3,3,0,0,2,0,0,3,0,0,0,0,0
30700948,매입임대(단지유형),LH대구경북,아름들이,다세대주택,경상북도 포항시 북구 아치로 77-1,448,2,3,2,2,5,6,4,0,0,2,4,3,1,4,1,0,2,0,0,0,0,0
30704145,매입임대,LH대구경북,매입다가구(경북포항시),다가구주택,경상북도 포항시 북구 용당로 165-8,0,0,0,1,1,4,5,0,0,1,0,3,3,0,1,2,3,1,0,1,0,0,0
30704152,매입임대,LH대구경북,매입다가구(경북포항시),다가구주택,경상북도 포항시 북구 용당로 49-8,0,0,1,0,0,1,1,1,1,0,1,2,3,1,5,3,2,0,0,1,0,0,0
30704149,매입임대,LH대구경북,매입다가구(경북포항시),다가구주택,경상북도 포항시 북구 용흥로7번길 13-1,0,0,0,1,1,2,1,1,0,3,0,1,1,2,1,0,2,0,0,1,0,0,0
31128691,매입임대(단지유형),LH대구경북,포항금호어울림,아파트,경상북도 포항시 북구 우창동로 157,129,0,4,8,6,3,5,2,1,8,2,2,2,1,1,0,0,2,0,0,0,0,0
31128803,매입임대(단지유형),LH대구경북,포항금호어울림,아파트,경상북도 포항시 북구 우창동로 157,129,2,3,11,15,5,9,4,1,13,4,6,2,2,1,2,1,1,0,0,0,0,0
31128826,매입임대(단지유형),LH대구경북,포항금호어울림,아파트,경상북도 포항시 북구 우창동로 157,129,1,1,11,4,5,2,1,0,8,0,3,0,0,0,2,0,0,0,1,0,0,0
31128827,매입임대(단지유형),LH대구경북,포항금호어울림,아파트,경상북도 포항시 북구 우창동로 157,129,7,6,13,14,5,12,2,1,18,4,10,2,0,1,1,1,0,0,0,0,0,0
30704150,매입임대,LH대구경북,매입다가구(경북포항시),다가구주택,경상북도 포항시 북구 장량로17번길 36-12,0,0,1,2,0,1,0,2,2,1,1,1,0,1,1,3,1,1,0,0,0,0,0
30700952,매입임대(단지유형),LH대구경북,아름들이,다세대주택,경상북도 포항시 북구 장량로17번길 49,448,0,2,2,0,0,2,1,0,1,1,4,2,0,0,1,1,0,0,0,0,0,0
30700953,매입임대(단지유형),LH대구경북,아름들이,다세대주택,경상북도 포항시 북구 장량로17번길 49,448,0,2,1,1,0,2,1,2,1,2,2,0,1,0,0,1,0,0,1,0,0,0
30700954,매입임대(단지유형),LH대구경북,아름들이,다세대주택,경상북도 포항시 북구 장량로17번길 49,448,1,3,1,1,0,1,2,1,2,2,0,1,0,0,0,0,0,0,0,0,1,0
30700955,매입임대(단지유형),LH대구경북,아름들이,다세대주택,경상북도 포항시 북구 장량로17번길 51,448,2,1,1,3,1,0,2,1,1,1,0,1,1,0,0,0,0,0,0,0,0,0
30700956,매입임대(단지유형),LH대구경북,아름들이,다세대주택,경상북도 포항시 북구 장량로17번길 51,448,2,2,0,1,2,0,1,1,1,0,0,0,1,0,2,0,0,0,0,0,0,0
30700957,매입임대(단지유형),LH대구경북,아름들이,다세대주택,경상북도 포항시 북구 장량로17번길 51,448,5,0,0,0,0,0,1,1,3,1,1,0,1,1,0,0,0,0,0,0,0,0
30700958,매입임대(단지유형),LH대구경북,아름들이,다세대주택,경상북도 포항시 북구 장량로17번길 53,448,0,1,1,2,0,1,1,0,3,1,0,1,3,0,0,0,0,0,0,0,0,0
30700959,매입임대(단지유형),LH대구경북,아름들이,다세대주택,경상북도 포항시 북구 장량로17번길 53,448,2,0,4,1,2,0,1,0,2,4,2,1,3,0,1,1,0,1,0,0,0,0
30700960,매입임대(단지유형),LH대구경북,아름들이,다세대주택,경상북도 포항시 북구 장량로17번길 53,448,1,2,0,2,0,2,1,0,1,1,1,0,0,0,1,0,1,0,0,0,0,0
30700961,매입임대(단지유형),LH대구경북,아름들이,다세대주택,경상북도 포항시 북구 장량로31번길 6-9,448,3,1,3,2,1,4,1,0,2,3,2,3,0,2,0,0,0,0,0,0,0,0
30700962,매입임대(단지유형),LH대구경북,아름들이,다세대주택,경상북도 포항시 북구 장량로61번길 44-6,448,0,0,0,0,0,0,1,2,0,3,0,0,0,0,1,0,0,0,0,0,0,0
30704133,매입임대,LH대구경북,매입다가구(경북포항시),다가구주택,경상북도 포항시 북구 장량로75번길 15,0,0,0,0,0,3,3,0,0,1,0,0,3,1,1,0,2,0,0,0,0,0,0
30704134,매입임대,LH대구경북,매입다가구(경북포항시),다가구주택,경상북도 포항시 북구 장량로75번길 35-11,0,0,1,0,0,1,2,1,0,0,0,2,1,0,1,1,0,0,0,0,0,0,0
30704135,매입임대,LH대구경북,매입다가구(경북포항시),다가구주택,경상북도 포항시 북구 장량로75번길 35-13,0,0,0,0,0,0,3,1,0,0,0,2,1,1,1,3,0,1,0,0,0,0,0
30700963,매입임대(단지유형),LH대구경북,아름들이,다세대주택,경상북도 포항시 북구 장량로75번길 35-14,448,1,1,0,0,0,0,1,1,0,1,2,1,0,1,0,0,0,0,0,0,0,0
30704136,매입임대,LH대구경북,매입다가구(경북포항시),다가구주택,경상북도 포항시 북구 장량로75번길 35-15,0,0,0,0,0,1,1,0,0,2,0,1,0,2,0,2,3,1,1,0,0,0,0
30700964,매입임대(단지유형),LH대구경북,아름들이,다세대주택,경상북도 포항시 북구 장량로75번길 35-16,448,0,0,0,0,0,0,1,2,0,1,2,1,0,1,0,0,0,0,0,0,0,0
30704137,매입임대,LH대구경북,매입다가구(경북포항시),다가구주택,경상북도 포항시 북구 장량로75번길 35-9,0,0,1,0,0,2,1,1,0,1,1,2,0,0,0,2,0,3,0,0,0,0,0
30704138,매입임대,LH대구경북,매입다가구(경북포항시),다가구주택,경상북도 포항시 북구 장량로75번길 39-7,0,0,1,2,0,2,4,0,1,2,3,3,3,2,2,0,0,1,0,0,0,0,0
30704139,매입임대,LH대구경북,매입다가구(경북포항시),다가구주택,경상북도 포항시 북구 장량로75번길 39-9,0,1,0,4,2,6,1,1,2,2,1,3,1,2,1,0,0,0,0,0,0,0,0
30704140,매입임대,LH대구경북,매입다가구(경북포항시),다가구주택,경상북도 포항시 북구 장량로75번길 5-5,0,0,0,6,0,1,2,0,0,0,0,2,2,0,2,0,2,1,1,0,0,0,0
30700965,매입임대(단지유형),LH대구경북,아름들이,다세대주택,경상북도 포항시 북구 장량로87번길 21,448,2,4,5,2,1,1,4,3,6,3,2,1,4,1,0,0,0,0,0,0,0,0
30700387,건설임대,LH대구경북,포항장량휴먼시아5단지,아파트,경상북도 포항시 북구 장량중앙로 117,1006,94,108,144,164,132,167,146,114,222,161,215,147,205,154,94,71,39,12,3,2,1,0
30700286,건설임대,LH대구경북,포항장량휴먼시아1단지,아파트,경상북도 포항시 북구 장량중앙로 17,900,83,111,129,134,112,116,124,104,150,130,160,113,223,127,77,70,40,20,2,3,0,0
30842060,건설임대,LH대구경북,포항장량 천년나무 6단지,아파트,경상북도 포항시 북구 장량중앙로100번길 1,960,70,77,42,50,96,108,139,103,112,108,162,110,195,125,74,71,31,14,6,1,0,0
30700186,건설임대,LH대구경북,포항학산 주공아파트,아파트,경상북도 포항시 북구 장미길 31,485,0,3,7,5,27,34,15,26,22,54,49,60,112,75,111,60,41,16,5,2,0,0
30700966,매입임대(단지유형),LH대구경북,아름들이,다세대주택,경상북도 포항시 북구 장미길 43,448,0,1,1,2,0,0,1,0,2,1,1,2,4,2,0,1,2,0,0,0,0,0
30700967,매입임대(단지유형),LH대구경북,아름들이,다세대주택,경상북도 포항시 북구 장미길 43,448,1,1,2,2,0,0,2,0,2,3,0,2,1,0,0,1,1,0,0,0,0,0
30700968,매입임대(단지유형),LH대구경북,아름들이,다세대주택,경상북도 포항시 북구 장미길 43,448,0,1,2,0,2,3,1,2,5,4,1,0,2,0,0,0,0,0,0,0,0,0
30852812,매입임대,LH대구경북,매입다가구(경북포항시),다가구주택,경상북도 포항시 북구 죽파로 20-5,0,0,0,2,0,0,0,1,1,2,1,1,0,3,2,0,2,0,0,0,0,0,0
30704141,매입임대,LH대구경북,매입다가구(경북포항시),다가구주택,경상북도 포항시 북구 중앙로192번길 12-9,0,0,0,1,1,2,2,0,2,1,1,3,1,1,1,0,0,0,1,0,0,0,0
31241953,매입임대,LH대구경북,매입다가구(경북포항시),다가구주택,경상북도 포항시 북구 중앙로192번길 3-1,0,0,1,0,0,0,1,0,2,2,1,0,0,0,0,0,0,0,0,0,0,0,0
30704142,매입임대,LH대구경북,매입다가구(경북포항시),다가구주택,경상북도 포항시 북구 중앙로298번길 13-5,0,0,0,2,3,2,3,0,1,3,2,2,2,2,1,1,0,1,0,0,0,0,0
30704143,매입임대,LH대구경북,매입다가구(경북포항시),다가구주택,경상북도 포항시 북구 중앙로298번길 15,0,0,0,2,0,1,0,0,0,0,1,3,0,2,3,1,2,0,0,0,0,0,0
30849068,매입임대,LH대구경북,매입다가구(경북포항시),다가구주택,경상북도 포항시 북구 중앙상가7길 11,0,0,2,2,1,3,1,1,2,3,1,1,0,3,4,0,0,0,0,0,0,0,0
30704144,매입임대,LH대구경북,매입다가구(경북포항시),다가구주택,경상북도 포항시 북구 중흥로151번길 3,0,1,2,1,0,1,2,0,1,1,0,1,0,4,2,1,3,0,0,0,0,0,0
31266217,매입임대,LH대구경북,매입다가구(경북포항시),다가구주택,경상북도 포항시 북구 칠성로37번길 13,0,0,0,0,0,1,1,1,1,0,0,1,0,1,0,0,0,0,0,0,0,0,0
30704151,매입임대,LH대구경북,매입다가구(경북포항시),다가구주택,경상북도 포항시 북구 흥해읍 한동로87번길 7,0,1,3,1,3,2,0,1,1,0,1,2,1,2,1,2,0,0,0,0,1,0,0