id,tag,score,comment,review_id
1,채광,5,"집을 구할때 가장 신경쓰는 부분이 채광과 외풍인데 정남향에 고층건물이 주변에 없어 햇빛이 너무 잘 들어요! 여름엔 너무 아침 일찍부터 잠이 깰 정도라 암막커튼이 필수입니당",1
2,환기/냄새,5,"화장실 배수 냄새가 가끔 올라오긴 하는데 심할 정도는 아니에요. 창문이 크다 보니 집안 환기도 충분했습니다~!",1
3,벌레,3,"바퀴벌레나 개미 같은 벌레는 한번도 본 적이 없는데ㅠ 거미가 자주 나와요; 저는 벌레 별로 무서워하지 않아서 눈에 보이면 그냥 잡아서 밖으로 보내거나 변기에 내렸는데 아니신 분들은 조금 힘드실 수도 있어요.. 사진같은 친구들이 일주일에 한번정도는 나타났던거 같아요ㅎㅎ..",1
4,파손,3,"집 컨디션은 좋은 편이에요~ 저도 집을 깨끗히 쓰는 편이라 처음 들어갈때랑 크게 다른 점 없이 나왔었네요 반년정도 밖에 안됐으니까 크게 다르지 않을거 같은데 다만 침대 옆 서랍장을 치우면 사진처럼 벽지가 찢어진 부분이 있어요 혹시 모르니까 확인해 두세용",1
5,방음,5," 출근 시간대에는 어떤지 모르지만 밤에는 괜찮았어요 방음이 완벽한건 아닌데 생활소음? 정도라 지내는데 거슬릴 정도로 느껴본적은 없어요",1
6,누수,5,,1
7,외풍,1,"위에 말했듯이 집에서 가장 중요하게 생각하는게 채광과 외풍인데 창문이 커서 그런지 외풍이 좀 있는 편이였어요ㅠㅠ 커튼을 두꺼운걸 달아서 잘때는 바람을 최대한 차단했습니다.",1
8,곰팡이,1,"처음에 입주했을 때는 겨울이었고 도배가 새로 되있는 상태여서 곰팡이가 없었는데, 여름 장마철이 되니까 창문쪽 벽에 사진처럼 곰팡이가 생겼어요ㅠ 근데 집주인분께 말씀드리니 장마철에 간혹 이렇다고 심각해지면 업체 불러주신다고 하셨는데 귀찮아서 그냥 살았어요..ㅎㅎ",1
9,수압,5,"세면대나 싱크대, 변기 수압은 충분했구요~ 샤워기는 개인적으로 쓰는 샤워기 헤드가 있어서 교체해서 썼었는데 괜찮았어요",1
10,수온,5,,1
11,배수,5,,1
12,치안상태,5,"오마방 원룸에서 도보로 1분 이내에 오마방 경찰서도 있구요.
여성 안심귀가 서비스도 이용되는 지역이라 새벽귀가도 큰 문제없어요!
또, 밤에도 주위가 상대적으로 밝은편이고, 새벽에도 유동인구가 많아서 크게 치안문제로 스트레스는 안받았어요. 제가 대학교 때문에 처음 혼자 사는 거라, 부모님이 치안문제를 제일 걱정 하셨는데 주위 환경 보시면 아시겠지만, 대학로에서 어느정도 떨어져 있어서 그런지 고성방가도 없고 좋습니다!",1
13,분리수거,1,"사진 보시면 아시겠지만, 페트병을 넣어야 되는 곳에 음식물 쓰레기를 묶어서 버리는 분도 있고, 참 개선돼야 될 부 분이 많은 거 같아요. 1년 전 오마방 원룸에 입주했을 때만 해도 이렇게 더럽지는 않았는데, 어느 순간 몇 분이 안 지 켜서 그런지, 훨씬 많이 지저분해진 거 같아서 참으로 안타깝네요...
지금은 나아졌기를 바랍니다...",1
14,주차장,1,"주차장은 최대 8대가 주차할 수 있도록 되어 있었습니다.
  근데 오마방 원룸에 그때 당시 12대의 차량 이용자가 있었거든요. 분명히 입주 전에는 주차장 이용 충분히 가능하다 고 부동산 중개사님께서 그러셨는데, 집주인분께서는 나는 그런 말을 한적 없다고 하셔서 중개인분께 그 말 믿고 계 약했는데 주차장이 없다.라고 해도 죄송합니다만 말씀하셔서... 하...
  이 부분 때문에 그 당시 스트레스를 많이 받았습니다. 이 부분 꼭 물어보시고 입주하시길 바랍니다. 지금은 확장되었 을라나...
  또, 간혹 오마방 원룸 입주자도 아닌데, 안그래도 없는 주차장 이용하는 사람들 꽤 있었거든요. 근데 그걸 잡아낼 수 있는 좀 쉬운 방법이 있으면 좋았을 걸 이라 생각됩니다.
  아 참고로 8대 주차구역 중에 장애인 주차장도 1곳 있었습니다.",1
15,응대,3,"제가 전에 살았던 원룸 집주인분은 거의 평일에는 통화가 안 되셨거든요. 물론 바쁘셨겠지만...
  근데 오마방 원룸 주인분은 늦어도 2일 안에 카톡이나 문자나 전화로 답변해주셔서 답답한 건 없었습니다.",1
16,"수리 및 보완",5,"2018년 10월 즈음에 보일러가 고장 났는데, 꽤나 신속하게 교체해주셔서 그 점이 제일 생각나요~
  또, 다른 친구들 원룸에서는 형광등이나 수도 고장 나면 자부담해야 된다고 하는데, 오마방 집주인분은 비용 청구하면 다시 원금 주셔서 너무 감사했어요..ᅲᅲ",1
17,혜택,5,"제가 살았을 때는 1년 월세 비용 선금으로 지불하면 30%까지 할인해주셨고요. 제가 퇴거하기 전에 제 친구를 여기 소 개해줘서 그 친구가 지금 살고 있거든요.
  그래서 소개비 인가? 그걸로 고맙다고 한 달 월세 환급해주셨어요 ᄒᄒ 대박대박",1
18,"보증금 반환 만족도",1,"제가 살았을 때는 오마방 원룸 보증금이 1000만원이었는데, 반환 날짜가 19년 12월이었어요. 근데 집주인 분이 해외 여행을 가셔서 2주가 넘어서야 보증금을 돌려받았습니다.
  워낙에 집주인 분이 평상시에 잘해주셔서 큰 의심은 안 했지만, 그래도 저한테는 정말 큰돈이라 정말 조마조마했어요. 집주인분도 충분히 미안하다고 하셨지만, 앞으로 이런 일이 서로 간에 없으면 더 좋을 거 같아요.",1
55,채광,1,"방 구조가 북향이므로 해가 잘 들지 않습니다.",4
56,환기/냄새,5,"큰 배란다 창문이 있어서 환기에 용이합니다.",4
57,벌레,5,,4
58,파손,5,,4
59,방음,3,,4
60,누수,5,,4
61,외풍,5,,4
62,곰팡이,5,,4
63,수압,5,,4
64,수온,5,,4
65,배수,5,,4
66,치안상태,3,,4
67,분리수거,1,"개별적으로 분리수거가 가능한 구조가 아닙니다. 원룹이다보니 거주자가 플라스틱, 일반쓰레기를 각각 종량제 봉투에 담아서 버려야 하는 구조입니다.",4
68,주차장,3,,4
69,응대,5,,4
70,"수리 및 보완",5,,4
71,혜택,5,,4
72,"보증금 반환 만족도",5,,4
73,채광,3,,5
74,환기/냄새,3,,5
75,벌레,5,,5
76,파손,5,,5
77,방음,3,,5
78,누수,5,,5
79,외풍,5,,5
80,곰팡이,3,"2018년에 입주한 신축아파트라 깨끗한 아파트입니다. 전반적으로 문제는 없습니다. 
하지만 고층으로 갈수록 결로현상으로 인해 곰팡이가 생기는 정도가 심하네요. ",5
81,수압,5,,5
82,수온,5,,5
83,배수,5,,5
84,치안상태,5,,5
85,분리수거,5,,5
86,주차장,5,,5
87,응대,3,,5
88,"수리 및 보완",5,,5
89,혜택,3,,5
90,"보증금 반환 만족도",5,"입주 후 첫번째 전세라 보증금 반환에 대한 부분은 명확하지 않습니다.",5
91,채광,3,"햇빛이 많이 들어오지 않아요. 하지만 창문도 크고, 낮시간엔 잘 들어와요.",6
92,환기/냄새,5,"창문이랑 현관문 열면 바람이 잘 들어오고 환기도 잘 되는 편입니다. ",6
93,벌레,5,"살면서 벌레를 본 적이 없어요. 여름에 날벌레가 2마리 정도 꼬이는 정도?
대신 복도에서 바퀴벌레를 본 적이 있습니다. 그 후엔 본적이 없네요. ",6
94,파손,3,,6
95,방음,5,"술마시면서 떠들지 않는 이상 방음이 잘 되는 편입니다. ",6
96,누수,5,,6
97,외풍,5,,6
98,곰팡이,3,"화장실은 습해서 어쩔수없이 생기는것 같더라고요..ㅠㅠ 화장실 곰팡이 제외하면 
방에 곰팡이는 없습니다. ",6
99,수압,5,,6
100,수온,5,,6
101,배수,5,,6
102,치안상태,5,"1층 공동현관문에 비밀번호가 있고요. 또 각 층마다 CCTV가 있어서 안전한 편입니다. ",6
103,분리수거,5,"분리수거하는 곳이 있어서 편리해요. 또 음식물 처리기기가 있어서 
음식물을 바로바로 버릴 수 있고, 음쓰 버리러 건물 밖을 나가지 않아서 편합니다. ",6
104,주차장,1,"주차장이 있기는 한데 정말 작아요. 그냥 골목에 주차하셔야 할 것같아요. ",6
105,응대,5,,6
106,"수리 및 보완",5,"에어컨 고장, 변기 고장 등으로 문의드렸는데 다 고쳐주셨어요. ",6
107,혜택,3,,6
108,"보증금 반환 만족도",5,,6
109,채광,1,"주변에 건물이 너무 가까이 붙어있어 채광이 안들어와 대낮에도 불을 켜놓아야 했음. 하지만 형광등 또한 낡아 불을 켜도 밝지 않음.",7
110,환기/냄새,3,,7
111,벌레,1,"산이 근처에 있어서 그런지, 건물이 오래되서 그런지, 벌레가 어마어마 했음. 벌레 따위는 무서워하지 않는 남자이지만 매일같이 바퀴벌레가 방바닥을 기어다니는 것은 참기 힘들고 매일 같이 스트레스였음. ",7
112,파손,1,"건물이 오래되어 파손이 쉽고, 군데군데 파손되어 있음.",7
113,방음,3,,7
114,누수,1,"결정적으로 이 집을 지인에게 추천하고 싶지 않은 이유, 계약만료 전 이사를 가게 된 이유이다. 안방의 천장에서 물이 새서 가끔 출장에서 돌아온 날에는 방바닥이 흥건하게 젖어있고, 천장 등에 곰팡이가 피어났음.

수리 기사가 왔다갔지만 원인이 파악조차 안되며, 집주인이 임시방편으로 옥상에 방수처리만 할 뿐, 그 이후에도 계속 천장에서 누수가 발생하였음. 

수리기사가 왔다 간 이후 천장누수가 계속 발생되어 다시 수리를 요청하였지만, '자연재해 때문에 어쩔 수 없다', '기다리면 안샌다'라는 말을 하였음(해당 발언은 아직까지 통화녹음 파일을 가지고 있음)",7
115,외풍,1,"건물의 CCTV 선이 3층과 연결되어 있음. tv, 인터넷 등의 선이 구멍을 통해서 나오는 것이 아니라 거실 창문을 통해 연결된다. 

즉, 선 때문에 창문이 덜 닫히게 되고 이로인해 외풍이 계속 들어온다.

거실 창문 뿐만 아니라 전체적으로 외풍이 심한편임.",7
116,곰팡이,3,,7
117,수압,3,,7
118,수온,3,,7
119,배수,1,"세면대에 물이 빠지지 않는데 집주인도 원인을 모름. 하지만 집주인이 수리기사를 불러줄 생각은 안하고 참고 살아라는 식으로 얘기함. 물론 계약 전에 이 부분을 언급하긴 하였고, '입주 후 내가 뚫어야겠다!'고 생각하였지만, 실패하였음.",7
120,치안상태,1,"신촌 근처라서 치안상태가 괜찮을 것이라고 생각하였지만 골목 of 골목이라 치안상태가 매우 좋지 않음.

물론 거리마다 치안을 위한 신고대? 전봇대?가 있지만 사실상 유명무실함.",7
121,분리수거,1,"분리수거하는 곳에 '중국인이 거주하시고 있다면 중국인으로서 품위를 지켜주세요'라는 글이 쓰여져 있다.  같은 중국인이 쓴 글 같은데, 오죽하면 이 글이 쓰여졌겠는가.",7
122,주차장,1,"집 근처가 전부 오르막길이라고 생각하면 된다. 그리고 그 오르막길에 주택들이 다닥다닥 붙어져 있다. 주차는 절대 못할 것으로 예상하지만, 주민센터가 근처에 있어 주민센터 주차장을 이용할 수 있는지 알아보면 좋을 것 같다. ",7
123,응대,3,,7
124,"수리 및 보완",1,"수리를 요청하면 서로의 일정을 잡고 집을 방문하는 것이 원칙일 것이나, 무조건 집주인이 편한대로 일정을 잡는다.

게다가 방문하고 한번에 고쳐지는 것이 아니라 굳이 집주인이 상태를 보고, 또 수리기사를 다른 날에 또 불러야 한다.

오래된 집이라 수리가 많았고, 특히 누수가 심해 수리 요청이 많았었는데, 집주인의 태도로 굉장한 스트레스를 받았음. 

게다가 앞에서도 썼지만 천장누수로 수리를 요청하고, 수리기사가 왔더갔었고, 그 이후에도 누수가 발생되어 다시 수리를 요청하였지만, '자연재해 때문에 어쩔 수 없다', '기다리면 안샌다'라는 말을 하였음(해당 발언은 아직까지 통화녹음 파일을 가지고 있음)",7
125,혜택,1,"혜택이 무엇을 의미하는 지는 잘 모르겠음.

천장누수(집 하자)로 인해 계약만료 이전에 이사를 하게 되었는데도 집주인은 끝까지 청소비 10만원을 끝까지 받을러고 하였음.

집의 하자와 수리기피로 인해 '이사비'와 '부동산비'를 청구할 수 있지만 더 이상 싸우기 싫어서 이에 대해 청구하지 않겠다고 하였지만 집주인은 끝까지 청소비를 10만원을 받겠다고 하였음. 

이에 대해 소송을 걸어서 그러면 천장 누수 발생 이후의 월세와 이사비, 부동산비를 함께 청구하겠다고 얘기한 후로 청소비 10만원에 대해 얘기하지 않음. 끝까지 좋지 않은 기억만 남겨준 집이었음. ",7
126,"보증금 반환 만족도",5,,7
145,채광,5,,9
146,환기/냄새,5,,9
147,벌레,5,,9
148,파손,3,,9
149,방음,3,,9
150,누수,5,,9
151,외풍,5,,9
152,곰팡이,5,,9
153,수압,3,,9
154,수온,5,,9
155,배수,3,,9
156,치안상태,5,,9
157,분리수거,1,"분리수거를 할 수 있는 장소가 마땅치 않습니다.",9
158,주차장,3,,9
159,응대,5,,9
160,"수리 및 보완",5,,9
161,혜택,5,,9
162,"보증금 반환 만족도",5,,9
163,채광,3,"주방쪽은 바깥과 연결되어 있어 채광이 좋지만 거실쪽은 벽으로 가려져있어 해가 들어오지 않습니다.",10
164,환기/냄새,5,"주방에 큰 창문이 4개나 있어서 환기가 잘 됩니다. 요리할 때 창문 열어두고 하면 냄새 밸 일은 없습니다. 화장실에도 창문이 나있어서 냄새 걱정은 없습니다.",10
165,벌레,5,"2층이어서 그런지 약 1년정도 살면서 벌레와  마주한 적은 한 번도 없습니다.",10
166,파손,5,"리모델링하고 제가 첫 입주자였기 때문에 파손된 제품은 하나도 없었습니다.",10
167,방음,5,"신발장쪽에 이중문으로 되어있기 때문에 복도에서 나는 소음이 하나도 안들립니다. 제 집은 복도 맨 끝이고 옆집 소음 또한 이중문으로 막아줘서 좋습니다. 대문으로 들어오는 한기도 이중문이 막아줍니다.",10
168,누수,5,"누수문제로 집주인분께 연락드린적은 한 번도 없습니다.",10
169,외풍,1,"큰 창문이 바깥과 연결되어 있어서 겨울에는 조금 춥습니다.",10
170,곰팡이,5,"단열이 잘 되어 있어서 곰팡이가 없습니다.",10
171,수압,5,,10
172,수온,5,,10
173,배수,5,,10
174,치안상태,5,,10
175,분리수거,3,"분리수거하는 공간은 따로 없습니다. 집이 넓어서 분리수거하는데 불편한건 없습니다.",10
176,주차장,5,"지하에 별도 주차공간이 있습니다. 차가 있으면 집 계약하실때 차번호를 따로 말씀해주시면 돼요.",10
177,응대,5,,10
178,"수리 및 보완",5,,10
179,혜택,5,,10
180,"보증금 반환 만족도",5,,10
181,채광,3,"이 건물에 다른 라인들은 옆건물에 가려 채광이 거의 없는데 1호 라인은 창문 앞에 건물없이 동향으로 트여있어 아침이랑 오전에 빛이 잘 들어오는 편입니다! 아침에 잘 들어와서 아침일찍 생활하는 분들 추천드리고 아니면 암막 설치하시면 아침에 안깨고 잘 주무실 수 있으실거에요",11
182,환기/냄새,3,"화장실에 창이 나있고 현관문 열면 계단에 난 창문들이랑 맞바람 칠 수 있어서 나쁘지 않습니다. ",11
183,벌레,5,"벌레는 한번도 만난적이 없어요 신축이라 그런가 확실히 깔끔합니다!",11
184,파손,5,"신축이라 파손된 부분은 하나도 없고 처음 약간 하자 있는 부분은 말씀드려서 고쳐서 문제가 없답니다",11
185,방음,3,"방음이 잘되진 않아요 원룸이 다 그렇기 때문에 보통으로 했고 예민하신 분이라면 별로라고 생각할 수도 있어요 계단 바로 앞에 있기때문에 발소리가 좀 잘 들리는 편입니다. 저는 크게 불편한건 없었어요",11
186,누수,5,"누수 되는 부분은 하나도 없었어요",11
187,외풍,5,"단열이 꽤나 잘 되는 집인거 같아요 겨울에 난방을 크게 많이 하지 않아도 외출하고 와도 은근히 훈훈한 기운이 남아있더라고요",11
188,곰팡이,5,"곰팡이는 하나도 피지 않았습니다 옷을 베란다에 널 수 있어서 방은 습하지 않아요",11
189,수압,5,,11
190,수온,5,"온수가 정말 금방나오고 금방 아주 뜨거운물이 나오는 편인거 같습니다 ",11
191,배수,3,,11
192,치안상태,5,,11
193,분리수거,3,,11
194,주차장,3,,11
195,응대,3,,11
196,"수리 및 보완",3,,11
197,혜택,3,,11
198,"보증금 반환 만족도",5,,11
199,채광,1,"우선 채광은 반지하라 좋지 못합니다. 창문이 크지만 창문을 열면 벽이 있어서 햇살은 거의 들어오지 않습니다.  아침에도 어둡기 때문에 야간 근무 후나 술 먹고 낮잠 자기에는 좋아요~",12
200,환기/냄새,3,"방이 작아서 요리를 하면 냄새가 많이 나는데 창문이 커서 환기는 잘 됩니다. 고기 구워먹으면 좀 안빠지긴 하는데 하루면 다 없어져요",12
201,벌레,3,"바퀴벌레는 한 번도 나오지 않았습니다. 근데 드물게 화장실에서 거미랑 눈 마주치고 여름에는 나방파리가 하루에 한 마리씩 나왔어요...",12
202,파손,5,"물건들은 다 깨끗하고 파손된 것 없습니다!",12
203,방음,1,"방음은 심각합니다. 옆집이랑 거의 붙어있는데 같이 사는 느낌이에요.
윗집 옆집 신음소리나 친구들이랑 노는 소리, 전화소리 다 들립니다. 외롭지 않기엔 좋아요.",12
204,누수,5,"비가 오나 눈이 오나 누수는 없었습니다.",12
205,외풍,3,"집이 신기하게 여름엔 시원하고 겨울엔 따스하더라고요?? 반지하라 그런가.. 근데 한겨울에는 벽에서 약간 찬바람이 느껴집니다. 벽에 옷 붙여놨었는데 옷이 시원해지더라고요",12
206,곰팡이,5,"곰팡이는 없습니다. 화장실 물때는 종종 끼는데 이건 어디나 그럴테니까요",12
207,수압,5,"수압은 아주 멀쩡해요 물 콸콸 잘 나옵니다~",12
208,수온,3,"하지만 겨울에는 물이 따뜻하지가 않아요..보일러 온도를 더 높여보지 않아서 확실히는 모르겠네요.. 65도에 맞춰놓고 뜨거운 쪽으로 쫘악 돌리고 물 조금 틀어야 뜨겁게 나오더라고요",12
209,배수,5,"변기 세면대 막힌 적 한 번도 없습니다. ",12
210,치안상태,5,"집들이 모여있기도 하고 사람들도 많이 다니는 거리 근처고 씨씨티비도 있어요~ 안전합니다",12
211,분리수거,5,"저는 분리수거 해서 버렸는데 밖에 보면 그냥 버리는 사람들이 많더라구요. 그래도 집주인님이 다 청소해주셔서 분리수거는 편합니다. ",12
212,주차장,1,"주차장 공간이 있긴 한데 차 2대 정도 세우면 꽉 차요",12
213,응대,5,,12
214,"수리 및 보완",5,,12
215,혜택,3,,12
216,"보증금 반환 만족도",5,,12
217,채광,1,"언덕에 지어진 집이라, 분명 밖이랑 연결된 1층이지만 언덕의 아랫부분인 탓에 반지하같은 집이에요. 옆건물도 바로 코앞에 붙어있어서 채광은 거의 10%도 안된다고 보시면 됩니다..ㅜㅜ 낮인지 밤인지 헷갈릴 정도이긴 해요..!",13
218,환기/냄새,3,,13
219,벌레,1,"그동안 돈벌레 한마리, 바퀴벌레 한마리 봤습니다... 집은 깨끗하게 잘 치우는데 진짜 윽 ㅜㅜㅜ 어디서 들어오는건지ㅠㅠㅠㅠ 방역이 되는지 모르겠네용..",13
220,파손,5,,13
221,방음,3,,13
222,누수,5,,13
223,외풍,1,"겨울에는 걍 코 시린거는 감안하고 자야해요ㅠ.ㅠ 난방 30도로 틀어도 바닥은 뜨거운데 외풍이 장난 아니어서 차라리 침대를 빼고 바닥에서 자야하나 싶을 때도 있습니당",13
224,곰팡이,3,,13
225,수압,1,"수압이 낮아서 바디럽 샤워기 쓰는데도 기본 수압이 별로인지 머리감는데 시간이 꽤 걸립니다..! 겨울에 샤워할 때도 쫄쫄쫄 나오는 물 때문에 추워용..ㅠㅠㅠ",13
226,수온,3,,13
227,배수,3,,13
228,치안상태,5,"경찰서가 바로 옆에 있고 cctv가 많아서 안심돼요",13
229,분리수거,5,,13
230,주차장,5,,13
231,응대,5,,13
232,"수리 및 보완",1,"벌레들 많이 나온 것에 대해서 방역 되는지 여쭤봐도 답장이 없으셨어요ㅜ",13
233,혜택,3,,13
234,"보증금 반환 만족도",5,,13
235,채광,5,"한쪽 벽면이 통유리이고 건물 앞에 햇빛을 가릴 건물이 없어서 채광이 매우 좋아요",14
236,환기/냄새,3,"방에서의 환기는 잘 되며 냄새가 난다는 느낌은 전혀 못 받았습니다만 화장실이 금방 습기가 마르는 것을 보아 환풍기는 잘 작동하나 변기인지 하수구인지 에서 악취가 간혹 올라옵니다",14
237,벌레,5,"매일매일 아침에 청소하셔서 그런지 살면서 벌레를 본 적은 없습니다.",14
238,파손,3,"1년정도 지난 건물 인데 바닥이 벽과 떨어져서 틈이 생겨 있으며 계단 또한 벽과의 틈이 생겨 있습니다. 그 외에 파손 된 부분은 없어요",14
239,방음,3,"전체적인 방음은 보통입니다.
복층 방으로 위층에서는 천장과 가까워 윗집에 화장실 사용 소리 문 닫는 소리등이 잘 들리고 복도 소리 또한 들립니다 (그러나 발걸음 소리는 들리지 않았어요). 아래층은 그나마 소리가 잘 안들리고 층고가 높아 위층의 소음이 멀리서 들리는 느낌이라 자는데 크게 영향이 없었어요 옆집은 원래 조용하신 분들인지 어떤지 티비소리나 말소리 등 옆집에서 들릴 수 잌ㅅ는 소음은 전혀 듣지 못했습니다.",14
240,누수,5,"특별한 누수에 대한 부분은 없었어요",14
241,외풍,3,"창가에 침대를 붙여서 자는데 바람이 들어옵니다.
창문에 긴 얇은 블라인드 하나만 있어서 추가적인 조치가 필요할 것으로 보입니다.",14
242,곰팡이,5,"환기가 잘되어 화장실에 곰팡이가 생기는 경우가 없으며 방에서는 창문에 결로현상은 보이지 않아 곰팡이가 생기지 않습니다. 오히려 방이 건조한 편이라 참고하세요",14
243,수압,5,,14
244,수온,5,,14
245,배수,5,,14
246,치안상태,5,,14
247,분리수거,5,,14
248,주차장,5,,14
249,응대,5,,14
250,"수리 및 보완",NULL,,14
251,혜택,NULL,,14
252,"보증금 반환 만족도",NULL,,14
253,채광,3,"베란다에 허리 정도 창문과 방 한쪽에 폭1m정도 창문이 있습니다. 
베란다 쪽 50~70m 거리에 빌라를 마주보고 있습니다.
방 창문은 바로 옆 건물이라 채광이 없습니다.  
베란다를 열고 들어오는 채광은 나쁘지 않을 정도입니다. 
여름 기준: 해가 좋은 날 3~4시 까지는 불을 켜지 않고 살았습니다.
가을,겨울 기준: 해가 좋은 날 2~3시까지 지장은 없습니다.

해를 많이 좋아하는 식물은 키우기 어려울 수 있지만 다육과 같은 경우는 무리 없이 키울 수 있습니다.
",15
254,환기/냄새,5,"현관 들어와서 부엌이며 미닫이 문으로 방과 분리되어 있는 구조입니다.
자주 생선과 고기를 구워먹는 편인데 가스렌지 후드를 켜두면 금방 빠집니다.
저는 초와 향초도 사용합니다.

방 환기같은 경우 베란다와 방 창문을 열어두면 맞바람은 아니나 바람의 원활한 이동이 가능합니다. 따라서 여름엔 아주 시원하며 겨울엔 빠르게 환기가 가능합니다.

빨래는 반나절이면 건조가 되며 부엌에서 냄새나는 음식을 해도 문을 닫으면 방으로 들어오지 않습니다. ",15
255,벌레,5,"이사와서 베란다에서 바퀴벌레 한마리 본 이후로 별도의 조치를 취하지 않았는데 1년3개월 동안 나온 적 없습니다.

실거미? 같은 애들은 몇 번 본 적 있습니다.",15
256,파손,5,"파손에 대한 부분이 어떤걸 말하는지 모르겠지만 좋습니다.
제가 생각할 때 건물 외벽 파손 없으며 방 또한 파손은 없습니다.

혹시라도 세면대나 샤워기에 문제가 생길 경우 관리자 요청시 처리해줍니다.",15
257,방음,3,"보통의 원룸 수준이라 말할 수 있습니다.
주변에 어떤 이웃이 사느냐에 따라 방음에 차이가 있다고 생각하는 1인 입니다.
현재 윗 집은 음...보통입니다만 밤 늦은 시간에 발소리나 의자 끄는 소리 등이 지속적으로 발생할 때가 있긴 합니다.

하지만 제가 예민한 편도 아니고 생활에 엄청난 불편이 있지 않아 좋게 살고 있습니다.",15
258,누수,5,"누수는 없습니다.
얼마전 싱크대와 세면대 수도꼭지 교체했습니다.",15
259,외풍,3,"예전 건물이라 외풍이 없진 않으나 1층은 매장이라 찬 기운은 없습니다.
겨울 가스비 3만원 안쪽으로 유지하고 살고 있지만 방 자체가 따뜻한 편이고 여름엔 나름 시원하게 살았습니다.

한파일 경우엔 물론 춥습니다. 그럴 때 보일러 틀어 놓고 바닥에 러그 용도로 깔아 놓으면 좋습니다.",15
260,곰팡이,5,"화장실 창문은 사용 후 열어두고 외출하는 편이라 곰팡이 생길 일 없었습니다.
방도 곰팡이 안생기고 잘 사용하고 있습니다.
만족~",15
261,수압,5,"수압 좋습니다. 저희 어머니께서 너희 집은 수압 좋은데 세게 나오지 않아서 좋다고 하셨습니다.",15
262,수온,5,"찬 물, 따뜻한 물 다 잘 나옵니다. ",15
263,배수,5,"배수 잘 됩니다. 좋아요~",15
264,치안상태,3,"8차선 대로변에 바로 위치해 있습니다.
누구나 내가 집에 들어가는 것을 볼 수 있다는 것이 장점이자 단점이 될 수 있습니다. 
중앙현관 번호키는 달려 있지만 사용하고 있지는 않습니다.
이 점은 관리자 혹은 임대인에게 요청하면 수리할 수 있는 부분 같습니다.

건물에 임대인이 거주하고 있으며 밤 늦은 시간에도 가로등과 차량 이동으로 밝은 것이 특징입니다.",15
265,분리수거,1,"분리수거 부분이 저에겐 별로입니다. 주변 빌라 대부분이 동일한 방식인 것 같습니다. 
별도의 분리수거 통을 사용하고 있지 않고 종량제를 이용하여 건물 앞에 두면 수거해 가는 방식입니다.
페트, 유리, 종이의 경우 봉투나 박스에 분리하여 같은 장소에 두면 됩니다. ",15
266,주차장,3,"주차장이 따로 있지는 않습니다.
건물 앞 쪽에 4~5대 정도는 세울 수 있습니다.
아니면 주변 공영주차장을 이용하면 됩니다.",15
267,응대,5,"임대인께서는 아주 좋은 여성분이십니다.
쿨하시고 마주치면 반갑게 인사 나눕니다. 전화응대도 잘 받아주셔서 저 또한 월세나 다른 부분에서 좋은 상태를 유지하려는 마음이 생깁니다.",15
268,"수리 및 보완",3,"고장난 것들에 대한 수리 요구시 대응이 신속한 편입니다.
관리자와 임대인이 별도라 임대인보단 관리자와 이러한 부분은 대화를 나눠야 합니다.",15
269,혜택,3,"혜택이라 할 것은 없습니다.
이 곳은 보증금과 월세가 주변대비, 방 대비 저렴한 편이라고 생각합니다.
",15
270,"보증금 반환 만족도",5,"아직 잘 모릅니다. 
하지만, 저의 경우 계약만료 후 구두로만 연장한 상태로 6개월 더 연장하여 살고 있습니다.",15
271,채광,1,"거실의 경우 반대쪽 건물로 인해 늘 가림막을 쳐놔야 할 정도. ",16
272,환기/냄새,1,"화장실에는 창이 있어 환기할 수 있었다. 그러나 효율적인 환기는 되지 않았는지 습했다.
싱크대 냄새가 잘 안빠졌다.",16
273,벌레,3,,16
274,파손,3,,16
275,방음,1,"밤에 바닥에 누워있으면 아랫집 말소리가 들렸다. ",16
276,누수,3,,16
277,외풍,1,,16
278,곰팡이,1,,16
279,수압,3,,16
280,수온,5,,16
281,배수,3,,16
282,치안상태,3,,16
283,분리수거,1,,16
284,주차장,3,,16
285,응대,1,"집 계약을 연장할 때 계약서를 작성하지 않아도 된다고 했다. 처음에 집주인은 더 살다가 원할 때 나가도 된다고 했으나 나중에 집을 빼려하니 몇달이나 더 산것이니 계약은 1년 연장된 것으로 봐야한다며 집을 빼기 어렵다는 듯 말했다.",16
286,"수리 및 보완",1,"가스레인지가 잘 안되어 집주인에게 말했지만 교체할거란 말만 있고 1년동안 개선되지 않았다.",16
287,혜택,1,"분리수거 처리 시설이 없어서 불편했다.",16
288,"보증금 반환 만족도",5,,16
289,채광,3,,17
290,환기/냄새,5,,17
291,벌레,5,,17
292,파손,5,,17
293,방음,3,,17
294,누수,5,,17
295,외풍,3,,17
296,곰팡이,1,"저희집은 딱 가운데 집이라 화장실에 창문이 없을 뿐더러
주방과 화장실은 금방 곰팡이가 생깁니다.",17
297,수압,3,,17
298,수온,3,,17
299,배수,3,,17
300,치안상태,1,"1층 바깥에만 CCTV가 있고
각 층마다 CCTV가 구비되어 있지 않아 택배를 잃어버릴 수도 있습니다.",17
301,분리수거,1,"분리수거하는 통같은게 따로 있지 않고
각 집에서 봉투 규격에 맞춰 나무 밑에 버리게 되어있습니다.
음식물 쓰레기통도 없어 자기 집에서 직접 구매하고 스티커 붙여서 별도로 버려야합니다.",17
302,주차장,1,"딱 2대만 주차가 가능하지만 이것도 매달 주차비를 내는 사람 두명에 한해서
주차가 가능합니다. 도로 주변에는 유료 주차장이 있긴합니다.",17
303,응대,5,,17
304,"수리 및 보완",3,,17
305,혜택,1,"혜택같은건 따로 있지 않습니다.",17
306,"보증금 반환 만족도",5,,17
307,채광,1,,18
308,환기/냄새,3,,18
309,벌레,5,"1년 가까이 살면서 벌레 단 한마리도 못봤어요!",18
310,파손,5,"신축이라 깨끗합니다",18
311,방음,5,"제가 예민한 편인데 건물이 정말 조용해서 소리 문제로 스트레스 받지 않고 살았습니다",18
312,누수,5,,18
313,외풍,5,,18
314,곰팡이,5,,18
315,수압,NULL,,18
316,수온,NULL,,18
317,배수,NULL,,18
318,치안상태,1,"해가 지면 골목이 어둡고 무서워요.. ",18
319,분리수거,3,,18
320,주차장,1,없음,18
321,응대,5,"언제 연락드려도 친절하십니다 :)",18
322,"수리 및 보완",3,,18
323,혜택,3,,18
324,"보증금 반환 만족도",NULL,,18
325,채광,5,"집 자체 구조가 동남향입니다. 커튼을 모두 열고 잠을 잤을 경우, 다음날 아침에 햇빛이 방 전체로 들어오는 구조입니다. 채광은 큰 방과 작은방, 거실 모두 상태가 좋습니다. ",19
326,환기/냄새,3,"제가 거주 했을 당시 2014년 부터 2016년까지 1층엔 음식점 고깃집이 영업 중이었습니다. 그럼에도 불구하고, 당시 집 주인분이 건물 시공 당시 배관에 각별한 신경을 쓴 것으로 판단됩니다. 고깃집이 바로 밑 층에 있었음에도 불구 별다른 냄새가 들어오지 않았습니다. ",19
327,벌레,NULL,,19
328,파손,NULL,,19
329,방음,NULL,,19
330,누수,NULL,,19
331,외풍,NULL,,19
332,곰팡이,NULL,,19
333,수압,NULL,,19
334,수온,NULL,,19
335,배수,NULL,,19
336,치안상태,NULL,,19
337,분리수거,NULL,,19
338,주차장,NULL,,19
339,응대,NULL,,19
340,"수리 및 보완",NULL,,19
341,혜택,NULL,,19
342,"보증금 반환 만족도",NULL,,19
343,채광,5,,20
344,환기/냄새,5,,20
345,벌레,3,,20
346,파손,3,,20
347,방음,5,,20
348,누수,5,,20
349,외풍,5,,20
350,곰팡이,5,,20
351,수압,5,,20
352,수온,3,,20
353,배수,3,,20
354,치안상태,5,,20
355,분리수거,1,"분리수거통 관리가 잘 안돼요",20
356,주차장,3,"주차가 따로 되는지 모르겠어요",20
357,응대,5,,20
358,"수리 및 보완",5,,20
359,혜택,5,,20
360,"보증금 반환 만족도",5,,20
361,채광,5,"통유리로 되어있는 집이기도하고, 남향으로 되어있는 집이라 채광하나는 제일입니다! 그리고 바로 보이는 뷰가 울산대공원이라 밤낮 뷰는 정말 좋습니다. 특히 가끔 울산대공원에서 축제하는데 폭죽쏘게 되면 가지않아도 집에서 볼 수 있습니다.",21
362,환기/냄새,3,"통유리로 되어있는 원룸 특성상 창문이 생각보다 작고 환기가 될 수 있는 문이 많지 않아 냄새빼는데에 아쉽지만 가스레인지 후드랑 창문 열고 환기 시키면 냄새는 금방 빠지고 날씨 좋은날 문 활짝 열고 한 30분정도 있으면 환기는 정말 잘 됩니다.",21
363,벌레,5,"지어진지 얼마 안된집이기도하고 오피스텔 특성상 깔끔하게 되어있기 때문에 벌레걱정은 없이 살았습니다.",21
364,파손,5,"앞서 말했듯이 지어진지 얼마 안된집이라 파손 걱정은 없었습니다. 태풍왔을 때 살아본 사람으로서 태풍에도 안전한 통유리입니다.",21
365,방음,3,"가끔 침대에 조용히 누워있으면 옆방에서 무엇을 하는지 들릴때가 있어요. 그래도 다른 원룸가봤을 때 보다는 방음이 덜했기에 보통입니다.",21
366,누수,5,"누수는 하나도 없었어서 걱정없이 살았습니다.",21
367,외풍,3,"외풍은 개인적으로 겨울에 약간있는 편입니다. 사진상으로 침대 위치가 창문옆이라 더욱 그렇게 느꼈을지도 모르지만 엄청 추울정도는 아니기 때문에 별로는 아니에요! 그리고 통유리라 낮에는 따뜻해서 밤에만 약간 따뜻하게 지내면 됩니다.",21
368,곰팡이,5,"곰팡이는 집자체에 생기는 것보단 자기가 관리하는 것에 따라 달랐던것 같아요! 저는 청소자주하는 편이라 곰팡이는 없었습니다!",21
369,수압,3,"처음 집보러 갔을때에는 수압이 엄청 세고 좋았는데 중간에 어떤 요인인지는 모르겠지만 약간 약해진 감이 없지 않았어요. 하지만 집알아볼때 같은 오피스텔의 다른 집을 봤을때에 수압은 좋았기 때문에 이건 집마다 다른것같습니당.",21
370,수온,5,"보일러가 정말 잘되어서 수온은 걱정없이 썼습니다.",21
371,배수,5,"이 집에서 살면서 어디가 막힌다던가, 역류하는 일은 없었기 때문에 배수는 딱히 걱정없이 살았었습니다.",21
372,치안상태,3,"오피스텔 자체는 대로변에 있기 때문에 외부적인 치안은 걱정을 별로 안하셔도 됩니다. 하지만 오피스텔로 바로 들어오는 공동현관은 약간 골목에있어서 늦은밤에는 로비층과 연결되어있는 공동현관을 이용하시는게 좋을꺼에요. 하지만 일부 프렌차이즈 오피스텔에 비해 로비층을 통해 공동현관을 들어오는 문이 거의 열려있던 편이라 알바가 늦게 끝나고 가면서 걱정했던 적이 몇번있었습니다. ",21
373,분리수거,5,"분리수거는 요일이 정해져있기는 하지만 상시로 버릴 수 있게 되어있고 지하1층에 있어서 시간에 구애받지않고 분리수거를 할 수 있어서 간편합니다.",21
374,주차장,3,"주차장은 지하주차장을 이용하게 되는데 다른 곳처럼 차량 등록하여서 쓸 수 있습니다. 근데 지하주차장을 들어오는 입구가 좁아서 들어올때랑 나올때 유의해야합니다. 주차장자체를 오피스텔 사람들과 상가 이용객과 층 구분없이 사용하고 있으나 혼잡한 편은 아닙니다.",21
375,응대,5,"임대인 분의 직업특성상 낮에 연락이 잘 되지않았지만, 문자로 남겨 놓으면 최대한 친절하게 응대 해주시고 늦더라도 물어본거에 대해 항상 답 해주시려 노력해주셨습니다.",21
376,"수리 및 보완",5,"살면서 세탁기에 문제가 한번 있어서 수리를 어떻게 처리해주실지 문의 드린적 있었는데 제가 먼저 수리 받고 견적받으면 수리비를 청구해주시는 걸로 서로 얼굴 붉힐일 없이 깔끔하게 항상 처리 해주셨습니다.",21
377,혜택,3,"원래 입주할때 커튼 설치가 안되어있는 집이었는데 입주하면서 커튼 달아주는 걸로 혜택주셨어요! 학생이라 가격대가 있는 곳에 사는게 살짝 부담되었는데 이걸로 부담 덜어주셔서 감사했습니다.",21
378,"보증금 반환 만족도",5,"처음 1년 계약했는데 좋은 일이 생겨 7개월만 살고 나가게 되었는데 편의 봐주셔서 바로 다음 임차인분하고 바톤터치하고 방뺄 수 있게 해주셨고 보증금도 바로 반환해주셔서 아주 만족하고 좋은 기억만 있는 집으로 남겨주셨습니다.",21
397,채광,5,,23
398,환기/냄새,5,,23
399,벌레,5,,23
400,파손,3,,23
401,방음,1,"아기랑 같이 살고있는데 아기랑 저랑 부르는 노래소리가 일층 현관까지 다 들린다고 하네요. 참고로 2층 맨 안쪽집에 살아요.",23
402,누수,5,,23
403,외풍,3,"쇼파있었을때는 외풍전혀없고 추운줄 몰랐는데, 베란다창 앞쪽 쇼파 치우니 약간 있는편이에요. 커텐달면 괜찮아요.",23
404,곰팡이,3,"아무래도 오래되다보니, 군데군데 보이는데 심한편은 아니에요.",23
405,수압,5,,23
406,수온,5,,23
407,배수,5,,23
408,치안상태,5,,23
409,분리수거,5,,23
410,주차장,1,"다세대라 아실분들은 아실거예요. 늘 부족하죠.",23
411,응대,3,,23
412,"수리 및 보완",5,"보일러 고장났었는데 고쳐줬어요. ",23
413,혜택,3,,23
414,"보증금 반환 만족도",1,"아직도 살고있어서 잘모르겠어요.",23
415,채광,1,"낮에도 어두워요",24
416,환기/냄새,3,,24
417,벌레,5,,24
418,파손,5,,24
419,방음,3,,24
420,누수,5,,24
421,외풍,5,,24
422,곰팡이,5,,24
423,수압,5,,24
424,수온,5,,24
425,배수,5,,24
426,치안상태,3,,24
427,분리수거,5,,24
428,주차장,1,"차가 없었지만, 다세대라 부족할 것 같아요.",24
429,응대,3,,24
430,"수리 및 보완",3,,24
431,혜택,3,,24
432,"보증금 반환 만족도",5,,24
433,채광,5,,25
434,환기/냄새,5,,25
435,벌레,5,,25
436,파손,3,,25
437,방음,1,"옆집에서 싸우는구나를 알수 있어요.",25
438,누수,5,,25
439,외풍,1,"있어요, 누워있음 추웠었어요",25
440,곰팡이,3,,25
441,수압,5,,25
442,수온,5,,25
443,배수,5,,25
444,치안상태,5,,25
445,분리수거,5,,25
446,주차장,5,,25
447,응대,3,,25
448,"수리 및 보완",3,,25
449,혜택,1,"없었어요 아무혜택도....",25
450,"보증금 반환 만족도",1,"원래 월세보증금은 다음세입자가 있건 없건 약속된 날짜에 무조건 입금해줘야 하는데 다음세입자 들어와야 준다고 안주더라구요. (대부분 집주인들이 다 그렇지만 ) 월세보증금은 얼마 안하니 좀 챙겨줍시다. 집주인님들..",25
451,채광,5,,26
452,환기/냄새,5,,26
453,벌레,5,,26
454,파손,5,,26
455,방음,1,"아파트가 대부분 그렇듯 방음이 완벽하진 않습니다. ",26
456,누수,5,,26
457,외풍,5,,26
458,곰팡이,5,,26
459,수압,5,,26
460,수온,5,,26
461,배수,5,,26
462,치안상태,5,,26
463,분리수거,5,,26
464,주차장,5,,26
465,응대,1,"입주날짜가 본인 마음대로 되지 않자 당일에만 주면 되는 것 아니냐고 입주날 열쇠를 밤 열시에 줌. 
",26
466,"수리 및 보완",3,,26
467,혜택,3,,26
468,"보증금 반환 만족도",5,,26
469,채광,3,"제가 거주한 방은 북향이라 햇빛이 들어오지는 않았으나, 앞에 높은 건물이 없다보니 낮에 커튼을 열면 불을 키지 않아도 될 정도로 밝았습니다.",27
470,환기/냄새,5,"방 크기에 비해 창이 커 환기가 아주 잘됐습니다. 보통 5분 내로 냄새가 다 빠집니다.",27
471,벌레,5,"거주하는 동안 본적 없습니다. 방충망 상태가 좋아 여름에 모기도 없었습니다.",27
472,파손,5,"예민하다면 신경쓰이는 부분이 있을 수 있으나, 전체적으로 깔끔했습니다.",27
473,방음,3,"바로 옆집 소음이 조금 들리는 편이나 시끄럽다고 느낀적은 없습니다. 다만, 집앞에 4차선 및 사거리 도로가 있다보니 차량 소음이 있습니다. 사람이 아닌 차량 소음이다 보니 듣기 싫은 소리는 이니라 괜찮았습니다.",27
474,누수,5,"주방, 화장실 누수 문제가 전혀 없었습니다.",27
475,외풍,3,"아주 좋지도 나쁘지도 않으나, 2중으로 커튼을 달거나 두꺼운 겨울용 커튼을 사용하면 괜찮습니다.",27
476,곰팡이,3,"화장실 바닥에 곰팡이가 조금 생기나 주기적으로 청소해주면 괜찮습니다. 방에는 곰팡이가 생긴적 없습니다.",27
477,수압,5,"변기가 막힌적이 없으며, 수압이 보통에서 센 정도 사이라 만족했습니다.",27
478,수온,5,"아주 찬 물부터 아주 뜨거운 물 까지 잘나옵니다.",27
479,배수,5,"막힌적 없습니다.",27
480,치안상태,5,"공동현관 앞에 상주하는 경비원분이 계십니다. 입구부터 집 앞 복도까지 CCTV가 있으며 경비실에서 실시간으로 확인하고 있습니다. 또한 긴급상황 발생시 비상버튼을 통해 경비실 호출이 가능합니다.",27
481,분리수거,5,"분리수거 시설이 잘 되어있습니다. 분리수거장에도 관리 직원분이 계셔 항상 깨끗하게 유지되는 편입니다.",27
482,주차장,5,"지정차 등록시 입출입이 편리해 좋았습니다. 주차장도 너무 어둡지 않고 깔끔합니다.",27
483,응대,5,"임대인이 소유한 오피스텔이 많다보니 직접 보지 못했고, 부동산을 통해 계약했는데 두분 다 친절하셨습니다.",27
484,"수리 및 보완",3,"수리한 경험이 없어서 잘 모르겠습니다.",27
485,혜택,5,"중소기업 청년자금 대출이 가능한 오피스텔 중룸 컨디션이 가장 좋아서 계약했습니다.",27
486,"보증금 반환 만족도",5,"중소기업청년 전세자금대출 이용자라 만족했습니다.",27
487,채광,5,,28
488,환기/냄새,5,,28
489,벌레,3,,28
490,파손,5,,28
491,방음,3,,28
492,누수,5,,28
493,외풍,5,,28
494,곰팡이,5,,28
495,수압,5,,28
496,수온,5,,28
497,배수,5,,28
498,치안상태,5,,28
499,분리수거,5,,28
500,주차장,5,,28
501,응대,5,,28
502,"수리 및 보완",5,,28
503,혜택,3,,28
504,"보증금 반환 만족도",5,,28
505,채광,5,,29
506,환기/냄새,5,,29
507,벌레,1,"바퀴벌레, 돈벌레, 거미, 살아생전 처음보는 벌레 등 많은 벌레들을 봤습니다. 어디에서 들어오는지는 모르겠으나, 다양한 종류의 벌레가 들어오고 1년에 한번꼴로 집에 바퀴벌레와 돈벌레가 꼭 방문했었습니다. 빌라 청소횟수가 다른 빌라들에 비해 많이 적다고 느꼈는데, 빌라가 좀더 청결해서 벌레출입이 줄었으면 좋겠습니다.",29
508,파손,3,,29
509,방음,1,"옆집에서 밤에 떠드는 소리, 술마시며 노는소리에 밤잠 설친적이 많으며, 누군가 화장실에서 통화하는 대화 내용까지 다 들릴정도 였습니다. 엿듣고 싶어서 듣는것이 아니었음에도 불구하고 너무 잘 들렸기에, 나 또한 집에서 통화하는것 조차 조심스럽게 하며 살았습니다.",29
510,누수,5,,29
511,외풍,5,,29
512,곰팡이,5,,29
513,수압,1,"평소에 항시 문제가있는것은 아니지만, 간혹 물이 콸콸 나온다던지, 쫄쫄나와서 곤란한 적이 있었습니다. 그리고 수압의 문제는 아니지만, 한번씩 변깃물에 흑탕물이 올라오고, 세면대에서도 꾸정물이 나왔습니다. 청결하기 위해 쓰는 물에서 더러운물과 이물질이 나와서 곤란했던 적이 많았습니다.. 정확히 어디문제인지는 모르겠으나, 건물이 많이 노후되었기에 생긴 문제인것은 확실한거같습니다.",29
514,수온,3,,29
515,배수,3,,29
516,치안상태,3,,29
517,분리수거,3,,29
518,주차장,3,,29
519,응대,3,,29
520,"수리 및 보완",1,"처음 살던 방에서 화장실 문고리가 덜렁덜렁 하기에 문고리를 사와서 직접 새로 달아야했습니다. 오래된 집이라 화장실 샤워기가 다 녹슬어있기에 샤워기도 새로 사서 교체했습니다. 1년뒤 동일 빌라 다른 층으로 이사한 후에, 화장실 문이 안에서는 열리고 밖에서는 열리지 않아 문고리를 교체했습니다. 샤워기 역시 다 깨져서 물줄기가 여기저기로 뻗어나길래 바꿨습니다. 세면대 물이 안내려가서 집주인께 말했습니다. 집주인의 어머니, 즉, 할머니가 오셔서 분리하시더니 재조립을 못하셔서 몇일동안 구멍뚫린 세면대쓰다가 아버지가 오셔서 고쳐줬습니다. 보일러동파 수리, 에어컨 냉매 등 고쳐주시지 않습니다.
돈이 요구되는 수리(전구갈기 등 몇천원 드는건 해주십니다)는 알아서 고치라는듯이 말하고, 바쁘다는 핑계로 빌라에 잘 안오십니다. 본인부담으로 수리하신 비용이 많다 싶으면 꼭 돌려받으셨으면 좋겠습니다! ",29
521,혜택,3,,29
522,"보증금 반환 만족도",1,"집 계약하실때 꼭 계약서 쓰세요. 집주인이 계약서 안써도된다고 하실텐데 믿지 말고 무조건 계약서 쓰고 입주하세요. 방뺄때 무조건 걸림돌됩니다. 계약서에 수도세, 월세 정확히 기제하고 오래살게 되면 1년마다 계약 갱신해서 꼭 다시 쓰세요. 안그럼 말바꿉니다. 구두계약으로 2년반쯤 살다가 보증금 떼일뻔했습니다. 구두계약시 꼭! 월세, 수도세 금액을 정확히 명시한 대화내용이나 녹취록을 확보해두세요. 발뺌할때 증거있어야 돌려받습니다.",29
523,채광,5,"남향, 동남향으로 창이 나있고 바로 앞에 가리는 건물이 없어서 아침마다 햇빛이 잘 들어와 좋았습니다.",30
524,환기/냄새,5,"아무래도 집이 좁다보니 일반 가정집에서 사는 것에 비해서 냄새가 잘 안빠지긴 합니다. 하지만 창문이 크게 2개가 있어서 바람이 잘 통하여 냄새가 금방 빠져서 좋았습니다.",30
525,벌레,5,"집에서 살면서 모기 몇 마리 말고는 벌레를 본 적이 없습니다.",30
526,파손,5,"신축에 첫 입주자라서 파손된 부분은 없었습니다.",30
527,방음,3,"완전히 소리가 안들린다고는 할 수 없을 것 같습니다. 하지만 제가 여러 자취방들을 다녀본 결과 가장 방음이 괜찮았습니다. ",30
528,누수,5,"누수에 대한 고민은 한 번도 하지 않았습니다.",30
529,외풍,3,"창가에 침대를 두고 자는 것을 좋아하여 창가에서 잠을 청했는데 추운 겨울에는 창문에서 외풍이 조금 들어오는 것을 느꼈습니다. 하지만 뽁뽁이 등으로 보완하면 괜찮을 듯 합니다.",30
530,곰팡이,5,"하나도 없습니다.",30
531,수압,5,"화장실 세면대, 샤워기, 주방 싱크대 수압 모두 괜찮았습니다.",30
532,수온,5,"보일러를 온수모드로만 킬 수 있고 금방 따듯한 물이 나옵니다.",30
533,배수,5,,30
534,치안상태,5,"주택 특성상 골목길에 있다보니 길이 어둡긴 합니다. 하지만 집에서 약 5분 거리에 경찰서가 2개씩 있어서 안심할 수 있었습니다. ",30
535,분리수거,5,"건물 내에 분리수거를 할 수 있는 공간이 마련되어 있습니다. 그리고 집 앞에 있는 주민센터에 음식물쓰레기를 처리할 수 있는 곳도 있어서 좋았습니다.",30
536,주차장,3,"일단 주차장이 세대 수에 비해 좁습니다. 저는 자동차가 없어서 괜찮았지만 혹시 자가용을 운전하시는 분이라면 고려하셔야 할 듯 합니다.",30
537,응대,5,"입주자를 최대한 배려해주셔서 감사했습니다.",30
538,"수리 및 보완",5,,30
539,혜택,5,,30
540,"보증금 반환 만족도",5,,30
541,채광,3,,31
542,환기/냄새,3,,31
543,벌레,5,,31
544,파손,1,,31
545,방음,5,,31
546,누수,5,,31
547,외풍,1,,31
548,곰팡이,1,,31
549,수압,5,,31
550,수온,5,,31
551,배수,5,,31
552,치안상태,5,,31
553,분리수거,5,,31
554,주차장,3,,31
555,응대,5,,31
556,"수리 및 보완",5,,31
557,혜택,5,,31
558,"보증금 반환 만족도",5,,31
559,채광,3,"바로 맞은편에 건물이 있어요. 창문을 열어놓으면 방안이 보일 것 같아 블라인드를 반 정도 내리고 창문을 열었습니다.",32
560,환기/냄새,1,"주변에 음식점이 많아서 창문을 열고 환기를 시켜도 음식 냄새가 다 들어와요. 점심시간 쯤 열면 그렇게 배고플수가 없어요.",32
561,벌레,1,"바로 아래층이 음식점이었어요. 3층부터 주거지라서 그런지 가끔 바퀴벌레나 돈벌레 같은게 있었어요. 모기나 개미는 없었습니다.",32
562,파손,3,,32
563,방음,1,"옆집에서 싸우는 소리가 다 들렸습니다. 윗집을 잘만난건지 층간소음은 없었어요.",32
564,누수,5,,32
565,외풍,3,"겨울엔 창문에서 바람이 다 들어와요. 비닐로 창문을 밀봉했더니 외풍이 심하더라고요.",32
566,곰팡이,5,,32
567,수압,3,,32
568,수온,3,"다른 세대에서 물을 사용하면 따뜻한 물이 바로 나오질 않아요. 따뜻한 물쪽으로 틀어놓고 양치를 다 하고 나면 따뜻한 물이 나와요.",32
569,배수,5,,32
570,치안상태,5,"경비원님이 2분 계셨습니다. 시간 맞춰 건물 내부와 주변을 순찰하셨어요. 택배도 관리실에서 받아 보관해주고 경비실 가서 택배 찾으러 왔다고 하면 같이 가서 확인도 해주세요. 경비원분들 최고입니다 ㅠㅠㅠ 진짜 친절하세요 ㅠㅠ",32
571,분리수거,5,"기본적인 분리수거는 본인이 합니다. 2차적으로 분류는 경비원분들이 해주세요. 저는 최대한 손 안가게 하려고 분리수거를 열심히 했어요.",32
572,주차장,5,"이 때는 차가 없어서 별로 신경 안썼는데, 주차타워처럼 지하로 차가 들어가는 걸 봤어요! 거기 말고도 지하랑 지상에도 주차장이 있습니다.",32
573,응대,3,"계약서를 작성하러 간 부동산은 굉장히 무서웠어요. 약간 빚독촉하는 힘 센 어른들에게 끌려가 강제로 서명하는 느낌?
집주인은 본 적이 없어요. 건물 관리소장님이 대부분 다 관리해주세요. 대화를 하려면 평일 9시부터 18시까지, 토요일 오전에만 가능해요. 저도 업무중이라 전화로 해도 대화가 잘 통하진 않아서 토요일 오전에 방문하곤 했습니다.",32
574,"수리 및 보완",3,"제가 들어갔을 땐 도배도 새로 되어 있었어요. 꽃무늬 벽지 아니고 하얀 벽지입니다. 전체적으로 깔끔해요.
도어락 번호키가 오래되어 안으로 들어가서 버튼을 누를 수 없는 것들이 있었어요. 도어락을 바꿔달라고 요청했더니 당장은 어렵다면서 그 번호가 아닌 다른 번호만 사용해서 비밀번호를 설정하라고 했어요.
다른 집으로 이사가기 얼마 안남은 시점이라 그냥 바꾸고 살았습니다.",32
575,혜택,3,"입주하면 매트리스랑 티비를 놔주기도 해요. 나름 선택옵션.
매트리스는 창고에서 보자마자 괜찮다고 했고 티비는 한 1년정도 본 것 같아요.
작고 뚱뚱한 옛날 티비입니다. 1년쯤 보고 눈이 침침해지는 것 같아서 다시 반납했어요. (아, 티비 잘 안보시면 굳이 안하시는 게 좋아요. 티비가 있다고 하면 수신료를 내거든요.) 그 때 티비를 반납한 후로 전 4년째 티비를 보지 않고 있어요.",32
576,"보증금 반환 만족도",5,"관리소장님이 반환해주셨어요. 최종적인 점검을 하고 보증금 차액을 반환해주셨습니다.
조금 아쉬웠던 점은 분명 계약 하기 전에 파손된거라고 확인도 했었는데, 제가 파손했다고 비용을 청구했어요. 소액이기도 하고 2년 넘게 살았던 집이라 그냥 부담했습니다. 제가 사용하면서 더 망가진것일 수도 있으니까요.
장기수선충당금도 미리 말씀을 해주셔서 잘 받았습니다. 그래도 반환 전에 한 번 더 언급하세요!",32
577,채광,5,"아침에 햇볕이 잘 들어와서 방 안에서 시간 구별을 할 수 있어요. 빨래도 잘 마릅니다.",33
578,환기/냄새,5,"주방이 방과 공간 분리가 되어 있어서 요리할 때 고기나 생선 냄새 걱정할 필요가 없어요. 그리고 바로 옆이 화장실이라서 문 열어 놓으면 환기도 빨리 됩니다.",33
579,벌레,5,,33
580,파손,3,,33
581,방음,3,"도어락 소리가 커서 그런지 잘 들려요. 그거빼고는 사람이야기 소리나 텔레비전 소리는 안 들려요. ",33
582,누수,5,,33
583,외풍,5,"베란다 쪽 문이 이중창으로 되어있어서 외풍 걱정없어요.",33
584,곰팡이,3,"창문 틈에 곰팡이가 조금 있는데 입주자가 신경써서 청소하면 괜찮을 것 같아요.",33
585,수압,5,"주방하고 화장실에 샤워기하고 세면대 수압 아주 세고 좋아요. 반면에 화장실 변기 수압은 보통이에요. 변기 레버를 꾹 눌러야 확실히 물이 내려가는 느낌이에요.",33
586,수온,5,"도시 가스를 이용해서 난방도 바로 바로 잘 되고, 수온도 바로 원하는 온도로 사용할 수 있어요.",33
587,배수,5,,33
588,치안상태,5,"영남대역에서 5분이면 집에 도착합니다. 원룸촌이라서 가로등도 잘 되어있고 방범초소도 있어서 안심이네요! 저는 1층에 살았는데 창문밖은 모두 방범창이 설치되어 있어요.",33
589,분리수거,1,"10리터 쓰레기 봉투가격은 220원으로 1인 자취생이 일주일 동안 사용하기에 충분해요. 그러나 쓰레기 배출은 보통 큰 거리에 있는 전봇대 밑에 주로 하는데 플라스틱이나 음식물 쓰레기를 버릴 곳이 마땅하지 않아 골목 길거리가 조금 지저분해요.",33
590,주차장,5,,33
591,응대,5,"이 집 화장실 문이 특이했어요. 화장실에 갇히는 사고 때문에 밖에서 문을 잠글 수 없고 안에서만 잠글 수 있는데 문고리에 이상이 생겨서 문이 안 열렸어요. 늦은 시간에 너무 당황스러웠는데 공인중개사 분이 바로 전화해 주셔서 해결했어요. 동전으로 문을 열 수 있어요. ",33
592,"수리 및 보완",5,"싱크대 장도 모두 새 걸로 리모델링 되어 있구요. 가스레인지도 원래는 LPG용이었는데 도시 가스용으로 무료로 교체해 주셨어요.",33
593,혜택,3,"기본적으로 책상, 침대, 옷장, 전자레인지, TV, 에어컨, 냉장고, 세탁기가 있어요. TV가 크고, 유선 채널이 가입 되어 있어서 재미있는 프로그램이 많아요. 혼자 밥 먹을 때 심심하지 않네요. 그런데 옷장이 베란다에 있어서 눅눅하고 습기가 찰까봐 옷 보관을 하지 못하고 방 의자에 외투를 걸어놓았어요. 다른 나머지 옷들은 방안에 작은 서랍하고 캐리어에 따로 보관했어요. 세탁기도 좀 오래되어서 따로 업체 불러서 내부 청소를 해야 할 것 같아요.",33
594,"보증금 반환 만족도",5,,33
613,채광,5,"아침에 햇볕이 잘 들어와서 방 안에서 시간 구별을 할 수 있어요. 빨래도 잘 마릅니다.",35
614,환기/냄새,5,"주방이 방과 공간 분리가 되어 있어서 요리할 때 고기나 생선 냄새 걱정할 필요가 없어요. 그리고 바로 옆이 화장실이라서 문 열어놓으면 환기도 빨리 됩니다.",35
615,벌레,5,,35
616,파손,5,,35
617,방음,3,"이 건물 도어락 소리가 커서 그런지 아침 시간이나 저녁시간에 잘 들려요. 그거빼고는 사람 이야기 소리나 텔레비전 소리는 안 들려요.",35
618,누수,5,,35
619,외풍,5,"베란다 쪽 문이 이중창으로 되어 있어서 외풍 걱정없어요. ",35
620,곰팡이,3,"창문 틈에 곰팡이가 조금 있는데 입주자가 신경써서 청소하면 괜찮을 것 같아요.",35
621,수압,5,"주방하고 화장실에 샤워하기하고 세면대  수압은 아주 세고 좋아요. 반면에 화장실 변기 수압은 보통이에요. 변기 레버를 꾹 눌러야 확실히 물이 내려가는 느낌이에요.",35
622,수온,5,"도시 가스를 이용해서 난방도 바로 바로 잘 되고, 수온도 바로 원하는 온도로 사용할 수 있어요.",35
623,배수,5,"주방 배수대와 화장실 배수대가 리모델링 되어 있어서 막힘없이 잘 내려가요.",35
624,치안상태,5,"영남대역에서 5분이면 집에 도착합니다. 원룸촌이라서 가로등도 잘 되어있고 방범 초소도 있어서 안심이네요! 저는 1층에 살았는데 창문 밖은 모두 방범창이 설치되어 있어요.",35
625,분리수거,1,"10리터 쓰레기 봉투 가격은 220원으로 1인 자취생이 일주일 동안 사용하기에 충분해요. 그러나  쓰레기 배출은 보통 큰 거리에 있는 전봇대 밑에 주로 하는데 플라스틱이나 음식물 쓰레기를 버릴 곳이 마땅하지 않아 골목 길거리가 조금 지저분해요.",35
626,주차장,5,"한우리 가동은 길가라서 주차하기가 마땅하지 않은데 한우리 다동은 건물 맞은 편에 주차 공간이 있어서 주차하기 용이해요.",35
627,응대,5,"이 집 화장실 문이 특이했어요. 혼자 사는 사람이 화장실에 갇히는 사고 때문에 밖에서 문을 잠글 수 없고 안에서만 잠글 수 있는데 문고리에 이상이 생겨서 문이 안 열렸어요. 늦은 시간에 너무 당황스러웠는데 공인 중개사 분이 바로 답변해주셔서 빨리 해결했어요.",35
628,"수리 및 보완",5,"싱크대 장도 모두 새 걸로 리모델링 되어 있구요. 가스레인지도 원래는 LPG용이었는데 도시 가스용으로 무료로 교체해 주셨어요. 그리고 건물을 따로 관리해주시는 분이 계셔서 그 분한테 전화드리면 빨리 보완해 주셨어요.",35
629,혜택,3,"우선 기본적인 에어컨(리모컨), 가스레인지, 냉장고, 전자레인지, 세탁기, TV(리모컨), TV다이, 책상,의자, 침대, 옷장 이렇게 구성되어 있었어요. TV가 크고 유선 채널에 가입되어 있어서 재미있는 프로그램이 많아요. 그래서 혼자 밥 먹을 때 심심하지 않았어요. 그런데 옷장이 베란다에 있어서 눅눅하고 습기찰까봐 옷 보관을 하지 못 하고 물건 두는 창고로 사용했어요. 옷은 방안에 작은 서랍이 있었는데 거기에 보관하고 외투는 의자에 걸어서 보관했어요. 세탁기도 좀 오래되어서 따로 업체 불러서 내부 청소를 한 번 하면 좋을 것 같아요.",35
630,"보증금 반환 만족도",5,,35
667,채광,5,"창이 무척 크고 햇볕이 너무 너무 잘 들어서 빨래도 엄청 잘 마르고 단점은 암막커튼을 쳐놔도 햇볕이 틈으로 들어온다는 점..(강제 일찍 기상) 암막 커튼 큰 걸로 하나 더 달아야겠어요!",38
668,환기/냄새,5,"창이 커서 환기시키기고 싶고 방충망도 있어서 벌레 들어올 걱정 없이 환기시킬 수 있어요. 냄새 난 적도 한 번도 없습니다. 근데 부엌에는 창문이 없어서 살짝 아쉬워요.",38
669,벌레,5,"이 집의 가장 큰 장점이라고 할 수 있는 ..! 바로바로 지금까지 약 10개월 동안 살면서 작은 벌레 한 마리 본 적 없습니다. 벌레 무서워하는 저에게는 너무 최적임",38
670,파손,5,"제가 리모델링 하고 난 후에 바로 들어온 입주자라 파손 없고 깔끔했어요.",38
671,방음,3,"제가 생활할 때 방해가 될 정도의 옆집 소리는 들리지 않았지만 화장실을 쓸 때는 옆집 화장실 소리도 들렸어요.. 옆집이랑 화장실이 붙어있는 구조인가봐요. 그래도 그냥 씻으시는구나~이 정도지 막 세세하게 들릴 정도는 아니였어요. 그리고 새벽에 조용할 때는 밖에 엘레베이터 소리나 사람들 발소리같은 생활 소음 정도는 들리는데 거슬릴 정도는 아니였습니다.",38
672,누수,5,"누수 있는 곳은 아직까지 한 번도 못봤습니다.",38
673,외풍,3,"이 집은 창문이 커서 그런지 외풍이 좀 있는 편이였어요. 커튼을 두꺼운 걸 다시면 최대한 차단될 것 같습니다. 밖에서 바람이 슝슝 들어오지는 않지만 겨울에 보일러 안틀고 살 수 는 없는정도? 이건 당연한건가요..?ㅎㅎ ",38
674,곰팡이,5,"곰팡이는 단 한 번도 생기지 않았어요! 곰팡이는 제가 화장실 청소를 오랫동안 안 해서 생긴 곰팡이일뿐 (지금은 청소해서 다 박멸해버림)",38
675,수압,1,"이 집에서 가장 아쉬운 점이라 할 수 있죠... 수압이 약해요.. 막 졸졸졸 이렇게 나오지는 않지만 동영상정도의 수압이에요. 처음에는 샤워기가 문제인가 싶어서 결벽증있는 허지웅씨가 쓰는 유명한 수압 쎈 샤워기로 바꿔도 조금 나아졌을 뿐. 제가 지금까지 수압 쎈 집에만 살아서 그런가 아직 적응이 안돼서 샤워할 때마다 답답함을 느낍니다..",38
676,수온,1,"가장 뜨거운 쪽으로 해도 엄청 뜨겁지 않고.. 가장 차가운 쪽으로 해도 엄청 차갑지 않은.. 화상입을 걱정은 없네요 하하",38
677,배수,3,"지금까지 변기나 세면대가 막힌 경험은 한 번도 없지만 배수가 좋군..! 이라는 생각은 한 번도 안해봤기에 보통으로 체크하였습니다.",38
678,치안상태,5,"이 집은 경비실도 있고(물론 24시간동안 경비원분께서 계시지는 않아요!) 엘레베이터에도 cctv 있고 층 마다 복도에도 cctv가 설치되어 있어서 여성분들도 안심하며 살 수 있습니다.",38
679,분리수거,5,"분리수거는 1층에 공동으로 분리수거 하는 곳이 있어서 모든 쓰레기를 거기에 분리수거해서 버리면 됩니다. ",38
680,주차장,5,"거주하는 모든 세대주들이 주차장을 이용할 수 있어요! 주차장 꽤 넓은 편이고 그래서 세대주들이 많이 이용하는 듯 합니다. 다만 무료인지 아니면 주차하는 사람들은 돈을 +@로 내는지는 잘 모르겠네요.",38
681,응대,5,"집 계약할 때 집주인분과 바로바로 연락도 잘 되었습니다. 또한 경비원님께서는 제가 부탁하는 일도 정말 친절히 잘 들어주셨습니다. (태풍 오는 당시 제가 집에 없었는데 창문을 열고와서 경비원님께 창문 닫아주실 수 있냐고 부탁했더니 들어주셨고 큰 매트리스가 집 앞에 배달와있었는데 제가 3일동안 집에 없어서 경비원님께 집 안에 놓아주실 수 있냐는 부탁도 흔쾌히 들어주셨어요. 경비원님 감사합니다...)",38
682,"수리 및 보완",5,"리모델링 이후 바로 입주한 거라 수리나 보완할 점이 없어 집주인과는 이 점에 대해 상의해본 적이 없습니다. 예전에 한 번 드라이기를 사용하다 드라이기가 작게 폭발하여 불꽃이 튀긴 적이 있는데 그 때 저희집 전력이 다 꺼졌습니다. 경비원님께 연락했더니 직접 집에 오셔서 바로 대응해주셨습니다.",38
683,혜택,3,,38
684,"보증금 반환 만족도",5,"아직 계약이 끝나지 않아 보증금을 받지는 않았지만 융자가 많이 없는 집이고 부동산 껴서 계약했기 때문에 확실히 잘 돌려주실 것 같네요",38
685,채광,5,,39
686,환기/냄새,5,,39
687,벌레,1,"여름철에 바퀴벌레 서식",39
688,파손,3,,39
689,방음,3,,39
690,누수,3,,39
691,외풍,5,,39
692,곰팡이,3,,39
693,수압,5,,39
694,수온,5,,39
695,배수,5,,39
696,치안상태,5,,39
697,분리수거,5,,39
698,주차장,1,"주차 불가능",39
699,응대,5,,39
700,"수리 및 보완",5,,39
701,혜택,3,,39
702,"보증금 반환 만족도",5,,39
703,채광,5,,40
704,환기/냄새,5,,40
705,벌레,5,,40
706,파손,5,,40
707,방음,5,,40
708,누수,5,,40
709,외풍,5,,40
710,곰팡이,5,,40
711,수압,5,,40
712,수온,5,,40
713,배수,5,,40
714,치안상태,5,,40
715,분리수거,5,,40
716,주차장,5,,40
717,응대,3,,40
718,"수리 및 보완",3,,40
719,혜택,3,,40
720,"보증금 반환 만족도",5,,40
721,채광,5,"벽 한 면으로 창이 크게 나있고 동향이기 때문에 아침마다 햇살이 정말 잘 들어옵니다. 특히 창문으로 볼 때 막고 있는 건물도 없어서 햇빛이 직방으로 들어와요~ 햇빛 잘 들어오는 집 구하시면 여기는 진심 강추합니다.",41
722,환기/냄새,5,"창문도 2개나 있고 후드 시스템도 잘 되어 있어서 냄새가 안 빠져서 고생한 적은 없었습니다.",41
723,벌레,5,"오피스텔이다보니 워낙 건물 관리도 잘 되어 있어서 벌레가 생긴적은 없습니다. ",41
724,파손,5,"벽이 단단해서 파손된 부분도 없습니다. ",41
725,방음,3,"건물이 튼튼하게 지어져서 벽간 소음, 층간 소음은 없어요. 대신 복도에서 나는 소리는 방음이 안 됩니다. 철문 하나가 막고 있는 형태라 복도 소리는 어느 정도 감수해야 하구요. 창문 뷰가 대로변이신 분들은 대로변에서 나는 소음도 약간 들릴 겁니다. 창문을 닫으면 괜찮은데 열어놓으면 대로변 소리가 다 나요. ",41
726,누수,5,"누수로 고생한 적은 없었습니다. ",41
727,외풍,5,"한면으로 창이 크게 나있긴 한데 이중창이라 외풍 때문에 춥다고 느껴본 적은 없어요. ",41
728,곰팡이,5,"집에서 곰팡이가 생긴 적이 없습니다. 동향이라서 햇빛이 잘 들어오니까 곰팡이 생길 일이 없네요.",41
729,수압,5,"수압 정말 좋습니다. 샤워할 때나 설거지할 떄 좋아요.",41
730,수온,5,"따뜻한 물이 바로바로 나옵니다. 세밀한 수온 조절도 가능하구요.",41
731,배수,5,"배수도 잘 됩니다. 물이 역류하거나 배수로 고생한 적은 없어요.",41
732,치안상태,5,"1층에 경비원 분이 상주해있고 대로변에 있는 오피스텔이다보니 치안은 정말 좋습니다. ",41
733,분리수거,5,"지하3층에 분리수거하는 곳이 별도로 마련되어 있어서 건물 주변이 깨끗하게 관리되는 편이에요.",41
734,주차장,5,"지하 층에 주차장이 넓게 마련되어 있어서 주차 시설이 넉넉합니다.",41
735,응대,5,"집에서 생기는 고장이나 문제점은 다 관리사무소 통해서 처리하면 됩니다. 경비원, 관리사무소 모두 응대 바로바로 잘 해주셨어요.",41
736,"수리 및 보완",5,"수리할 일, 보완할 일 관리사무소, 경비원 통해 처리했어요. 정말 편리합니다.",41
737,혜택,3,"새로운 혜택은 집주인 분한테 문의드려봐야 할거에요.",41
738,"보증금 반환 만족도",5,"계약 만료일이 주말이라 그 다음날 월요일에 보증금 바로 반환 받았습니다.",41
739,채광,1,"부엌 쪽에 창문이 크게 있긴 했지만, 다른 건물이 붙어있는 편이고, 볕이 드는 방향이 아니라 아쉬웠습니다. 같은 건물 다른 방향의 방은 괜찮았던 것으로 기억합니다.",42
740,환기/냄새,3,"딱히 불쾌한 냄새는 없었습니다. 방 안에서의 냄새는 부엌 창문과 화장실 창문을 함께 열어두면 금방 빠지는 편이었습니다.",42
741,벌레,5,"오래 방치해두면 생기는 거미 외에는 딱히 벌레가 없었습니다.",42
742,파손,5,"딱히 파손된 것은 없었습니다.",42
743,방음,1,"아래층, 옆집의 소리가 크게 들리는 건 아니지만 꽤 잘 들리는 편입니다.",42
744,누수,3,"딱히 누수가 되었던 기억은 없지만, 잘 된다고 느끼지도 못했던 것 같습니다.",42
745,외풍,3,"바깥바람이 잘 들어오는 느낌이었고, 보일러를 틀지않으면 생각보다 금방 추워졌습니다.",42
746,곰팡이,3,"곰팡이가 심하지는 않았습니다. 화장실을 오래 방치해두면 가끔 곰팡이가 생길 정도였습니다.",42
747,수압,3,"수압이 세다고 느끼지도, 약하다고 느끼지도 않은 것 같습니다. '왜 이러지?' 싶을 정도로 약해질 때가 가끔 있기는 했습니다만 다시 괜찮아졌습니다.",42
748,수온,1,"수온 조절이 어렵지는 않았습니다. 다만 급수 방식이 작은 물탱크를 사용하는 방식이라, 일정량의 온수를 사용하고 나면 기다렸다가 사용해야 했습니다. 물론 1인이 사용할 경우 그 양이 딱히 부족하지는 않았습니다.",42
749,배수,3,"나쁘지 않았습니다. 화장실은 윗부분만 가끔 배수구 청소를 해주면 괜찮습니다.",42
750,치안상태,3,"근방에 대구 도청이 위치하고, 그 직원들이 많이 거주하는 곳이다보니 치안은 괜찮은 것 같았습니다. 큰 거리와 거리가 있어서, 밤에 조금 어두운 건 감안하셔야 될 것 같습니다.",42
751,분리수거,3,"그냥 평범한 원룸촌과 비슷합니다. 쓰레기 버리실 때 봉투를 꼭 사용하시면 좋겠습니다. 일반 봉지에 버렸다가 그 안에 들어있는 영수증에 찍힌 주소를 보고 벌금을 문 경우를 보았습니다.",42
752,주차장,1,"차량이 있으시면 조금 불편하실 것 같습니다. 차량 4-5대 정도 들어갈 공간이 있는데, 거주하시는 분들의 차량에 비해 부족해보였습니다.",42
753,응대,5,"주인 아주머니가 친절하십니다.",42
754,"수리 및 보완",5,"뭐든 필요한 게 있으시면 주인 아주머니께 말씀드리면 됩니다. 화장실 등이 나갔다던지 할 때 말씀드리면 웬만하면 고쳐주십니다. 처음 전체 등도 어두운 형광등이었는데, 말씀드리고나서 LED 등으로 바꿔주셨습니다.",42
755,혜택,3,,42
756,"보증금 반환 만족도",5,,42
757,채광,1,"거주한 방은 창문이 햇볕 드는 방향이 아니어서 채광이 별로였습니다. 다른 방은 확인해보시면 괜찮을 것 같습니다.",43
758,환기/냄새,5,"냄새 때문에 신경 쓰인 적은 없었습니다.",43
759,벌레,3,"여름철 모기 외에는 딱히 없었습니다. 화장실에서 흔히 볼 수 있는 날파리 정도가 있는데, 신경을 좀 쓰시면 사라집니다.",43
760,파손,5,"딱히 파손된 건 없었습니다.",43
761,방음,3,"그럭저럭 방음이 되는 것 같습니다.",43
762,누수,5,,43
763,외풍,1,"부엌 쪽에서 찬 바람이 많이 들어옵니다.",43
764,곰팡이,5,,43
765,수압,1,"수압이 좀 안 좋은 편입니다. 찬 물 쪽은 그럭저럭 나오는데, 온수는 많이 약합니다. 특히 부엌에서 설거지하기가 좀 불편합니다.",43
766,수온,5,"수온 조절은 금방금방 잘 됩니다. 보일러를 꺼두면 조금 시간이 걸리고 고온수는 나오지 않을 수 있습니다.",43
767,배수,3,"그럭저럭 괜찮습니다. 화장실 변기가 조금 약한 듯 합니다.",43
768,치안상태,3,,43
769,분리수거,3,,43
770,주차장,1,"주차 공간이 따로 없는 것 같습니다.",43
771,응대,5,"주인 아주머니께서 많이 친절하시고 편하게 대해주십니다.",43
772,"수리 및 보완",5,"불편한 게 있으면 주인 아주머니께서 금방금방 해결해주시려고 노력하십니다.",43
773,혜택,3,,43
774,"보증금 반환 만족도",5,,43
775,채광,3,"맨끝방 빼고는 방 안에 창문이 없어 채광이 좋은편은 아니지만 보통 정도 됩니다.",44
776,환기/냄새,3,"방 안에 창문이 없어 환기시 화장실, 주방 창문을 통해 할 수 있습니다. 별도로 냄새가 나거나 한 점은 없었습니다.",44
777,벌레,5,"대학생활동안 3년을 거주했지만, 벌레는 한번도 못봤습니다.",44
778,파손,5,"2012년 입주당시 신축이라 건물 자체가 깔끔하고 건물 및 옵션 가구 파손된 곳 없었습니다.",44
779,방음,3,"옆집에서 소리를 지르거나 시끄럽게 하는 경우에 가끔 들리긴 했지만, 일반 생활하는 소리가 들리는 정도는 아니었습니다. 다른 원룸들과 비교했을때 비슷한 정도입니다.",44
780,누수,5,"3년 거주동안 한번도 누수된적 없었습니다.",44
781,외풍,5,"외풍이 없어 겨울에도 따뜻했습니다.",44
782,곰팡이,5,"화장실에 창문이 있어 물때가 끼이지 않아 곰팡이가 없었고, 방 내부에도 곰팡이가 피지 않았습니다.",44
783,수압,5,"수압 좋은편. 불편함을 느끼지 못하는 정도 수압이었습니다.",44
784,수온,5,,44
785,배수,5,,44
786,치안상태,5,"원룸입구에 비밀번호 누르고 들어오는거였고, 집입구도 도어락으로 되어있었으며 치안의 위협을 느끼거나 하는 일은 없었음",44
787,분리수거,5,,44
788,주차장,5,,44
789,응대,5,,44
790,"수리 및 보완",5,,44
791,혜택,5,"별도 혜택은 없었으나 주인분이 친절하셨고, 집 전체에 가끔 싱크대 밑에 누수 및 점검 한다고 오셔서 봐주신 적 있음.",44
792,"보증금 반환 만족도",5,"주인분이 친절하셔서 퇴실 시에도 불편하지 않게 보증금 모두 반환받았습니다.",44
793,채광,5,"방안에 창문이 있어 채광이 좋았습니다.",45
794,환기/냄새,5,"방 안에 창문이 있어 환기가 잘되었으며 냄새가 나거나 하지는 않았습니다.",45
795,벌레,1,"바퀴벌레 같은 기어다니는 벌레가 나오지는 않았는데 여름에 청소를 잘해도 날파리가 많았습니다.",45
796,파손,5,,45
797,방음,1,"옆집 샤워하는 소리나 노래하는 소리가 들렸습니다.",45
798,누수,5,,45
799,외풍,1,"창문있는쪽 벽이 침대 바로 옆이었는데 겨울에는 창문을 다 닫아도 찬 기운이 계속 느껴지고 바람이 들어오는거 같은 느낌이 들어 창문에 외풍방지하는 제품을 사비로 사서 붙였습니다. 겨울에 너무 추워 1년 계약 이후 바로 이사했습니다.",45
800,곰팡이,5,"집 전체에 곰팡이가 없었고, 화장실도 창문 열면 환기가 잘되서 물때가 없었습니다.",45
801,수압,5,,45
802,수온,5,,45
803,배수,5,,45
804,치안상태,5,,45
805,분리수거,5,,45
806,주차장,5,,45
807,응대,5,,45
808,"수리 및 보완",5,,45
809,혜택,5,,45
810,"보증금 반환 만족도",5,,45
811,채광,1,"베란다에 있는 창문은 크지만 베란다 가는 중문을 닫아놓으면 빛이 집안까지 들어오지 않습니다. 낮에도 불을 켜고 생활해야합니다.",46
812,환기/냄새,1,"베란다에만 창문이 있어 환기시 약간의 불편함이 있고, 주방이 방 안에 있어 음식을 해먹으면 냄새가 잘 빠지지 않습니다.",46
813,벌레,5,,46
814,파손,5,,46
815,방음,5,,46
816,누수,5,,46
817,외풍,5,,46
818,곰팡이,5,,46
819,수압,5,,46
820,수온,5,,46
821,배수,5,,46
822,치안상태,5,,46
823,분리수거,5,,46
824,주차장,1,"주차 공간이
ㅁㅁㅣ
ㅁㅁㅣ
이런식으로 되어있어 안쪽에 주차하면 차를 빼기가 힘들었고, 주차공간도 좁았습니다.",46
825,응대,5,"주인분이 꼭대기층에 사시는데 엘레베이터에서 마주치면 몇호인지 기억하고 먼저 인사해주시고, 가끔 귤같은것도 먹어보라며 가져다 주셨습니다. 제가 이때까지 있어봤던 원룸 주인분중에 가장 친절하셨습니다.",46
826,"수리 및 보완",5,,46
827,혜택,5,"원래는 식탁 및 화장대에 의자가 옵션이 아니라고 하셨는데 제가 입주시는 전 주인이 두고 갔다고 식탁겸 화장대에 쓰라고 의자를 주셨습니다.",46
828,"보증금 반환 만족도",5,"주인분이 친절하셔서 보증금도 이사나가는날 바로 입금해주셨고, 퇴실시에도 불편함이 없었습니다.",46
829,채광,5,"건물 바로 옆에 건물이 붙어있는데 낮은 건물이라 1,2층은 채광이 좋지 않고, 3층이상은 채광이 좋습니다. 2,3층 방 둘다 보고 채광 때문에 3층으로 결정했습니다.
창문이 크고 옆건물로 막혀있지 않아 햇빛이 잘 들어오고 바람도 잘 들어옵니다.
이사가기 직전 사진이라 집이 좀 더럽지만 채광참고하시라고 올려봅니다. 참고로 테이블은 옵션이 아닙니다. ",47
830,환기/냄새,5,"방안에 창이 커서 환기가 잘되고 베란다쪽 창문도 같이 열어놓으면 바람이 잘통해서 환기가 빠릅니다.",47
831,벌레,3,"입주 첫날 바퀴벌레 비슷한 큰벌레가 나왔습니다. 2년 살았는데 그 이후에는 벌레가 나오지 않았고, 여름에 모기나 날파리도 많지 않았습니다.",47
832,파손,5,"신축이 아님에도 불구하고 가구 파손되거나 불편한 점 없었습니다.",47
833,방음,1,"옆집에서 육체적인 사랑을 나눌때 나는 신음소리가 너무 잘들려서 잠을 자기 힘든 경우가 있었고, 물건을 집어던지거나 소리를 지르며 싸우면 소리가 다 들립니다. 그리고 세탁기 소리가 커서 윗집에서 세탁기를 돌리면 세탁기 소리가 들립니다.",47
834,누수,5,,47
835,외풍,5,,47
836,곰팡이,3,"화장실에 창문이 없고, 화장실 불을 켜면 환풍기가 돌아가는 시스템이라 화장실 물기 때문에 물곰팡이가 많이 생깁니다. 샤워하고 외출시에는 화장실이 마를 수 있도록 화장실 문을 열고 나가는게 좋습니다.",47
837,수압,5,"수압이 너무 세서 물을 약하게 조절해야 할 정도였습니다. 변기도 잘내려갔습니다.",47
838,수온,3,"따뜻한물은 잘 나오지만 보통은 제일 뜨거운쪽으로 해놓으면 뜨거워서 못씻을 정도의 물이 나오는데 그정도까지 뜨거운물은 잘 안나옵니다.",47
839,배수,5,,47
840,치안상태,5,"주차장, 원룸 입구, 엘레베이터 앞 등 cctv가 설치되있어서 치안이 좋은편이었고, 원룸입구에 비밀번호 누르는게 있어서 치안에 도움이 됩니다.",47
841,분리수거,5,"분리수거장이 잘 되있었고, 종이는 따로 놔두는 공간이 없어서 음식물쓰레기통 옆쪽에 쌓아두면 됩니다. 쓰레기를 버리면 주인분이 일일이 다시 분리하고 청소하고 해주셔서 쓰레기장이 깨끗하고 좋았어요.",47
842,주차장,5,"다른 원룸에 비해서 주차공간이 넓고 주차할 수 있는 대수가 많았어요. 입구에 화이트보드에 호수별로 차량 번호를 넣어놓는데, 외부차량의 경우 주인분이 확인하고 바로 나갈수 있게 조치를 해주셔서 주차장이 부족하거나 하는 경우는 없어요. ",47
843,응대,1,"주인분이 불편하게 한 점은 없었지만, 계약날부터 제가 어리다고 바로 반말을 하시고 집에 문제가 있어 가끔 방문하시면 일은 안하냐 그냥 놀고 있냐 젊은사람이 일을 해야지 등의 말을 서스럼없이 하시고, 원룸 외부 청소하고 계실때 인사드리면 쳐다만 보고 인사도 안받아주십니다. 그리고 전세로 변경할 수 있는지 여쭤봤을때는 그럴거면 나가라고 하셨습니다. 말투 자체가 툭툭거리고 불친절한 말투셔서 오해의 소지가 있을 수 있습니다.",47
844,"수리 및 보완",5,"보일러가 고장나서 수리한적이 있습니다. 제가 수리기사님 부르고 집주인분께 전화드리니 기사분 오셨을때 저희집오셔서 확인하시고 수리 진행하고 제가 먼저 결제하고 영수증 문자로 보내드리고 다음달에 그 금액 빼고 월세 넣어드렸습니다. 세면대에 물이 잘 안내려갈때는 직접 오셔서 고쳐주셨고, 세탁기가 안될때는 기사분 불러서 확인해주셨습니다. ",47
845,혜택,5,,47
846,"보증금 반환 만족도",1,"기사방문이 늦어져 이사날까지 가스, 전기 처리를 못했는데 보증금에서 청소비 포함 15만원을 빼고 달라고 하셨어요. 청소비 5만원에 가스, 전기비 10만원인데 가스 전기 처리하면 그 이후에 차액을 준다고 했는데 차액 돌려주시지 않았습니다. 퇴실시에는 반드시 1주일 전에 신청하셔서 가스, 전기 신청하시기 바랍니다.",47
847,채광,5,,48
848,환기/냄새,1,"냄새가 잘 안빠져요..환기가 잘 안됨.",48
849,벌레,5,,48
850,파손,5,,48
851,방음,5,,48
852,누수,5,,48
853,외풍,5,,48
854,곰팡이,5,,48
855,수압,5,,48
856,수온,5,,48
857,배수,1,"세면대나 배수구가 잘 안내려가요 ㅠ ",48
858,치안상태,5,,48
859,분리수거,5,,48
860,주차장,3,,48
861,응대,5,,48
862,"수리 및 보완",5,,48
863,혜택,3,,48
864,"보증금 반환 만족도",5,,48
865,채광,5,"도로쪽이라 창문이 많음",49
866,환기/냄새,5,,49
867,벌레,5,,49
868,파손,5,,49
869,방음,3,,49
870,누수,5,,49
871,외풍,5,,49
872,곰팡이,5,,49
873,수압,5,,49
874,수온,5,,49
875,배수,5,,49
876,치안상태,5,,49
877,분리수거,5,,49
878,주차장,5,,49
879,응대,5,,49
880,"수리 및 보완",5,,49
881,혜택,3,,49
882,"보증금 반환 만족도",5,,49
883,채광,5,,50
884,환기/냄새,5,,50
885,벌레,5,,50
886,파손,5,,50
887,방음,5,,50
888,누수,5,,50
889,외풍,5,,50
890,곰팡이,5,,50
891,수압,5,,50
892,수온,5,,50
893,배수,5,,50
894,치안상태,5,,50
895,분리수거,5,,50
896,주차장,5,,50
897,응대,5,,50
898,"수리 및 보완",5,,50
899,혜택,5,,50
900,"보증금 반환 만족도",5,,50
901,채광,5,"집 평수대비 창문갯수가 많고, 창문도 큼, 주위에 집을 가리는 건물도 없어서 햇빛 잘 들어옴",51
902,환기/냄새,5,"집 주위로 큰 건물이 없어서 바람이 잘 들어오고, 창문도 많아서 집에서 요리해도 냄새 금방 빠짐, 신축이라 오래된 건물 냄새도 안남",51
903,벌레,5,"여름 창문 열어놓으면 모기는 어쩔 수 없이 있지만, 다른 벌레는 본적없음",51
904,파손,5,"사는 동안 아직 뭐 부서지거나 그런 적은 없음",51
905,방음,3,"도로랑 가까워서 어쩔 수 없이 외부소움은 있음, 건물 내부에서 나는 소리는 크게 없는 편 근데 주인세대 아기가 피아노를 치는데 그때마다 잘 들리는 편",51
906,누수,5,"물이 새거나 그런적은 없음",51
907,외풍,5,"겨울을 두 번 보냈는데, 바람때매 추워서 고생한 적은 없음 ",51
908,곰팡이,5,"화장실에 물이 잘 안마르면 곰팡이 자주 생기는데 문만 열어놓으면 물기가 말라서 잘 안생기는 편임 옷장이나 행거주변에도 곰팡이 없음",51
909,수압,5,"수압으로 인해서 불편함 느낀 적 없음 화장실에 물도 잘 내려감",51
910,수온,5,"보일러 켜놓으면 금방 따뜻해지고 찬물도 잘나옴",51
911,배수,5,"싱크대나 화장실 물 모두 잘 내려감",51
912,치안상태,5,"집주변 주차장이나 엘리베이터 cctv 많아서 문제없어보임",51
913,분리수거,5,"건물주가 분리수거함 관리를 잘해줘서 깔끔하게 유지되는 것 같음",51
914,주차장,5,"주차장은 넓음 근데 가끔 모르는 차가 주차 되어있음 ",51
915,응대,5,"이사 초기에 인터넷하고 화장실 문에 하자 있어서 문의했더니 잘 알려주셨음",51
916,"수리 및 보완",5,"고장난 부분이 없어서 모르겠다",51
917,혜택,1,"혜택은 없음",51
918,"보증금 반환 만족도",1,"아직 집 계약기간 중이고 나갈 날도 많이 남아서 잘 모르겠는데, 이미 나간 사람 말로는 문제 없이 잘 받았다고 함",51
919,채광,5,"오전 08시쯤 채광 사진인데요~ 정남향이라 그런지 햇볕이 너무 잘 들어와요~! 임대주택 살면서 채광걱정은 해본적이 없어요^ㅡ^",52
920,환기/냄새,3,"빨간색 화살표 방향으로 문을 열면 방충망이 있는데, 입주할 때 새걸로 갈아줬어요~ 새 입주자님도 갈아주시는거 추천드릴게요! 다만, 창문이 작아서 환기가 그렇게 잘 되는 편은 아닌거 같아요. 보통입니다!",52
921,벌레,5,"오래된 임대주택이라 꽤나 걱정했는데,  제가 살 동안에는 큰 벌레(?)들은 나오지 않았어요~ 근데, 다른 호 주민분은 집에서 귀뚜라미가 나왔다는 얘기는 하셨는데, 자주 보이는건 아닌거 같애요!",52
922,파손,5,,52
923,방음,3,"방음이 그리 잘 되어 있는 편은 아닌거 같아요. 엄청 크게 거슬린 적은 없지만 특정시간대에 쿵쿵 울리는 경우가 있긴 했어요. ",52
924,누수,5,,52
925,외풍,5,"두꺼운 문이 이중으로 되어있어서 외풍이 심하지 않아요! 겨울에 혹시나 외풍이 들어오면 어떡하나 싶었는데, 걱정없이 살았습니다~~",52
926,곰팡이,3,,52
927,수압,5,"주방하고, 화장실 변기 수압은 기기 교체안해도 좋았는데, 위에 영상보시면 아시겠지만, 기존 샤워기 부스는 수압이 약해서 교체해서 사용했습니다~",52
928,수온,5,"도시가스를 이용해서 난방도 바로 잘 되고, 수온도 바로 원하는 온도로 맞춰져서 불편함이 없었습니다!",52
929,배수,5,"주방 배수대와 화장실 배수대가 리모델링 되어있더라구요. 그래서 깔끔하고 막힘없이 잘 내려갑니다~! 2년 동안 고장없이 잘 썻어요~~",52
930,치안상태,5,"2년동안 살면서 치안걱정은 해본적 없는거 같아요. 저녁 늦은시간이 되도 주위 가로등도 많고, 상가들도 24시간이 많고, 경찰서도 아파트에서 500M입니다~",52
931,분리수거,1,"사진보시면 아시겠지만, 페트병을 넣어야되는 곳에 음식물 쓰레기를 묶어서 버리는 분도 있고, 참 개선되어야 할 부분이 많은거 같아요. 물론 잘하고 계신분들이 대다수이고, 관리사무소에서도 많이 도와주시지만,...",52
932,주차장,3,"1가구 당 1대 주차를 할 수 있게 주차장은 괜찮다고 생각했는데, 주위에 상가들이 많아서 그런지 상가에 출퇴근 하시는 분들이 주차를 해두시는 바람에 정작 입주민들이 주차를 못해서 곤란한 상황이 여러번 발생했던 경험이 있습니다. 지금은 단속도 하고 많이 좋아졌는데, 주민도 아님에도 외부 상가분들이 주차를 장시간 하시는거 같아요...",52
933,응대,5,"화장실문이 잠겨서 안 열려가지고..별의별 시도를 다해봤는데도 안되더라구요.. 늦은시간이라 수리업체기사님도 내일 오신다고 하고.. 늦은시간이지만 관리사무소에 부탁드리니 흔쾌히 해결해주셔서 너무 감사했어요..ㅠㅠㅠ",52
934,"수리 및 보완",5,"임대주택 살면서 기본적으로 제공되는 물품인데요~ 보시다시피 제가 입주했을 때는 깔끔한 상황이었고, 세탁기는 청소했다고 했는데 그냥 외주업체 불러서 한번더 청소맡겼어요~ 다른 가구들은 파손흔적은 있었지만 미리 사진만 찍어두면 퇴거하실 때도 괜찮아요~",52
935,혜택,3,,52
936,"보증금 반환 만족도",5,,52
937,채광,1,"창문을 열면 옆 원룸 건물이 있어서 빛이 잘 안들어와요",53
938,환기/냄새,3,"화장실에 작은 창문이 있어서 환기하기가 편해요
주방은 창문이 없고 바람이 안 들어와서 환기가 힘들어요",53
939,벌레,5,"집을 비울 때 창문을 자주 열어났는데 벌레가 안 들어왔어요",53
940,파손,5,,53
941,방음,3,"옆집 말소리는 전혀 안들렸는데
조용히 방에 있으면 옆집 핸드폰 진동 소리가 느껴지더라고요",53
942,누수,5,,53
943,외풍,5,"8월에 태풍 왔을 때 창문 흔들리고 시끄러우면 어쩌지하고 걱정했었어요
저는 태풍 온지도 몰랐어요 바람 소리가 잘 안 들리더라고요
채광에서 창문 사진 보여드렸듯이 옆 건물이 있어서 그런지 바람도 많이 안 들어와요",53
944,곰팡이,5,"제가 원룸에 이사오기 전에 벽지를 새로 가셨다고 해서 그런지 깔끔하고 곰팡이 하나도 없어요",53
945,수압,5,"주방과 화장실 모두 수압이 쎄요",53
946,수온,3,"주방은 따뜻한 말이 바로 나오는데 화장실은 따뜻한 물이 나오기 까지 시간이 걸리더라고요 그게 조금 아쉬웠어요",53
947,배수,5,,53
948,치안상태,5,"집 근처에 대구중부경찰서가 있어서 안심되더라고요
또 주변에 초등학교가 있어서 불이 밝고 치안상태가 좋아요",53
949,분리수거,5,"음식쓰레기통도 따로 있고
플라스틱, 종이, 캔을 분리할 수 있는 공간도 있어요
분리수거 공간이 따로 있어서 너무 편했어요",53
950,주차장,5,"저는 차가 없어서 주차장을 이용하지 않았지만
한 5~6대 주차할 수 있는 공간이 있어요",53
951,응대,5,"주인 아저씨에게 연락드리면 친절하게 빠른 응대 해주세요 ",53
952,"수리 및 보완",5,"제가 자취방에 들어온지 얼마 안 됐을때 세면대 팝업이 고장났어요
집주인께서 오셔서 직접 갈아주셨어요 ",53
953,혜택,5,"현관 비밀번호는 많은 사람들이 터치하는 곳이죠
요즘 같은 시국에 현관 비밀번호에 향균 필름도 붙여주시고
비밀번호 옆에 손소독제도 준비해주셨어요
코로나 시국에 센스있는 혜택입니당",53
954,"보증금 반환 만족도",5,"제가 방을 빼고 주인 아저씨에게 연락 드렸어요
주인 아저씨께서 확인하자마자 바로 보증금을 반환 해주셨어요",53
