id,tag,name,file,content_type,review_id
7,lessee,uzm5wk2zvefvlaxvmowi,...,image/jpeg,9
11,lessee,30vw7ujku9zg0y3ycoqo,...,image/png,15
16,lessee,1qm9dra573o9x5m4dqo1,...,image/png,19
17,lessee,dffwszmaulfm7f0k3ikh,...,image/jpeg,20
30,lessee,4jt3p4aocnlihu65j5ry,...,image/jpeg,31
37,lessee,iu5tv5j4l3bmc2mcslx0,...,image/jpeg,33
41,lessee,licdi61bwx0ofn46ak59,...,image/jpeg,49
42,lessee,1coe7tax92su92i55mn0,...,image/png,50
43,계약서,l9q0b68wk9bed6x6gseg,...,image/jpeg,52
44,계약서,jk4nuwhyou2du69a3lc6,...,image/jpeg,53
45,초본,ocdjcz4wmdmnibag908,...,image/jpeg,54
